label,generation,var,param
Shuffled,1,0.019791517037987573,fold_growth
Shuffled,2,0.03816707860483612,fold_growth
Shuffled,3,0.06175140739398276,fold_growth
Shuffled,4,0.08306713250452719,fold_growth
Shuffled,5,0.09899562399136755,fold_growth
Shuffled,6,0.10668918156645069,fold_growth
Shuffled,7,0.12596974465569644,fold_growth
Shuffled,8,0.1376348450494821,fold_growth
Shuffled,9,0.15232249184743815,fold_growth
Shuffled,10,0.16261522643722034,fold_growth
Shuffled,11,0.178079219974156,fold_growth
Shuffled,12,0.20117530202478934,fold_growth
Shuffled,13,0.2275113633248369,fold_growth
Shuffled,14,0.2536451165279322,fold_growth
Shuffled,15,0.265258994820108,fold_growth
Shuffled,16,0.2939921446013197,fold_growth
Shuffled,17,0.3176387641891335,fold_growth
Shuffled,18,0.36631681376685243,fold_growth
Shuffled,19,0.3959047725167337,fold_growth
Shuffled,20,0.4197553538101831,fold_growth
Shuffled,21,0.45790154777965997,fold_growth
Shuffled,22,0.503268490117026,fold_growth
Shuffled,23,0.553311043714568,fold_growth
Shuffled,24,0.5787258611085095,fold_growth
Shuffled,25,0.6126863899668867,fold_growth
Shuffled,26,0.6501268864946547,fold_growth
Shuffled,27,0.6573487518638499,fold_growth
Shuffled,28,0.7040761463655933,fold_growth
Shuffled,29,0.772643544189267,fold_growth
Shuffled,30,0.8905429412259083,fold_growth
Shuffled,31,0.8896452771555827,fold_growth
Shuffled,32,0.9367325296164078,fold_growth
Shuffled,33,0.8371150835350272,fold_growth
Shuffled,34,0.8639714067704722,fold_growth
Shuffled,35,0.8172480514642975,fold_growth
Shuffled,36,0.9109187257318957,fold_growth
Shuffled,37,0.9016231290644067,fold_growth
Shuffled,38,0.9196381561210609,fold_growth
Shuffled,39,0.9437674927121493,fold_growth
Shuffled,40,0.9793671645494285,fold_growth
Shuffled,41,1.0061912420631134,fold_growth
Shuffled,42,1.0697422035345738,fold_growth
Shuffled,43,1.0517944437557982,fold_growth
Shuffled,44,1.0853911850912725,fold_growth
Shuffled,45,1.0858178565019767,fold_growth
Shuffled,46,1.2307962694786,fold_growth
Shuffled,47,1.1925679761205072,fold_growth
Shuffled,48,1.0732523763929336,fold_growth
Shuffled,49,1.0006260297665412,fold_growth
Shuffled,50,1.0438190462701444,fold_growth
Shuffled,1,0.0012523054638724955,division_ratio
Shuffled,2,0.003117540362958418,division_ratio
Shuffled,3,0.005369139775500493,division_ratio
Shuffled,4,0.00750796170771313,division_ratio
Shuffled,5,0.010180317698188203,division_ratio
Shuffled,6,0.012470238482908574,division_ratio
Shuffled,7,0.015819479465979995,division_ratio
Shuffled,8,0.01911674973153026,division_ratio
Shuffled,9,0.0220486159109443,division_ratio
Shuffled,10,0.025745445795464394,division_ratio
Shuffled,11,0.028059111278793725,division_ratio
Shuffled,12,0.03296805744460546,division_ratio
Shuffled,13,0.03676394977503978,division_ratio
Shuffled,14,0.04355558861200298,division_ratio
Shuffled,15,0.04605608628578983,division_ratio
Shuffled,16,0.053457110951108416,division_ratio
Shuffled,17,0.057435520276831506,division_ratio
Shuffled,18,0.06446235392535271,division_ratio
Shuffled,19,0.06961056646107626,division_ratio
Shuffled,20,0.07723213911031465,division_ratio
Shuffled,21,0.08629915735153085,division_ratio
Shuffled,22,0.09392774775005684,division_ratio
Shuffled,23,0.10337682531502929,division_ratio
Shuffled,24,0.10916525390852301,division_ratio
Shuffled,25,0.11809130479916256,division_ratio
Shuffled,26,0.12651168759047596,division_ratio
Shuffled,27,0.12993509381529128,division_ratio
Shuffled,28,0.13082344043247424,division_ratio
Shuffled,29,0.13664538324111228,division_ratio
Shuffled,30,0.1449276569375373,division_ratio
Shuffled,31,0.1455277441353472,division_ratio
Shuffled,32,0.16235814996499398,division_ratio
Shuffled,33,0.15637985797408102,division_ratio
Shuffled,34,0.16348772523223581,division_ratio
Shuffled,35,0.1650839193465114,division_ratio
Shuffled,36,0.1791963941815457,division_ratio
Shuffled,37,0.18576335042694914,division_ratio
Shuffled,38,0.19293308862034866,division_ratio
Shuffled,39,0.20663052429014425,division_ratio
Shuffled,40,0.22437577048998025,division_ratio
Shuffled,41,0.2399028345021216,division_ratio
Shuffled,42,0.2553120197008982,division_ratio
Shuffled,43,0.27259041408409607,division_ratio
Shuffled,44,0.2835050743865425,division_ratio
Shuffled,45,0.29845526734350303,division_ratio
Shuffled,46,0.3075394593341467,division_ratio
Shuffled,47,0.31267444663170896,division_ratio
Shuffled,48,0.2555057696744533,division_ratio
Shuffled,49,0.2695604091192649,division_ratio
Shuffled,50,0.2749260242933488,division_ratio
Shuffled,1,0.4745175794183477,added_length
Shuffled,2,0.9552840534529599,added_length
Shuffled,3,2.084305004499825,added_length
Shuffled,4,2.9499243634253203,added_length
Shuffled,5,3.7311879668413015,added_length
Shuffled,6,4.450916794389023,added_length
Shuffled,7,5.896327155436622,added_length
Shuffled,8,7.72116110861296,added_length
Shuffled,9,8.990237291973171,added_length
Shuffled,10,10.457675752175023,added_length
Shuffled,11,12.051954097293315,added_length
Shuffled,12,11.985145652045171,added_length
Shuffled,13,14.120208544862285,added_length
Shuffled,14,15.829932978752968,added_length
Shuffled,15,16.704537257588303,added_length
Shuffled,16,19.184759353257252,added_length
Shuffled,17,21.97205022456997,added_length
Shuffled,18,24.450093981480236,added_length
Shuffled,19,26.710876553420157,added_length
Shuffled,20,29.179804049280147,added_length
Shuffled,21,32.20580439447328,added_length
Shuffled,22,36.36764869518701,added_length
Shuffled,23,39.02467597515201,added_length
Shuffled,24,42.13241752536733,added_length
Shuffled,25,45.98586488702814,added_length
Shuffled,26,49.98488650063464,added_length
Shuffled,27,52.865219914667776,added_length
Shuffled,28,59.19623773509296,added_length
Shuffled,29,65.45308681375302,added_length
Shuffled,30,76.270719643269,added_length
Shuffled,31,78.53233820207763,added_length
Shuffled,32,83.32288959879095,added_length
Shuffled,33,81.09976163340909,added_length
Shuffled,34,86.25035453010388,added_length
Shuffled,35,97.64030903935269,added_length
Shuffled,36,100.4686884628974,added_length
Shuffled,37,101.73931455274635,added_length
Shuffled,38,107.67049881637216,added_length
Shuffled,39,117.61802350340517,added_length
Shuffled,40,121.17336977857262,added_length
Shuffled,41,133.19800001970123,added_length
Shuffled,42,146.1036068711122,added_length
Shuffled,43,142.66911840238365,added_length
Shuffled,44,152.20027954418663,added_length
Shuffled,45,161.7309093194005,added_length
Shuffled,46,175.532677457968,added_length
Shuffled,47,184.15630106264925,added_length
Shuffled,48,211.7485802539233,added_length
Shuffled,49,224.01596477436613,added_length
Shuffled,50,229.08081930483087,added_length
Shuffled,1,0.017022496882962,generationtime
Shuffled,2,0.038434176288827455,generationtime
Shuffled,3,0.07830109231853417,generationtime
Shuffled,4,0.11899470103539869,generationtime
Shuffled,5,0.1633772971214832,generationtime
Shuffled,6,0.21051114002276788,generationtime
Shuffled,7,0.27921016967528595,generationtime
Shuffled,8,0.3230368930135285,generationtime
Shuffled,9,0.3859194786203559,generationtime
Shuffled,10,0.4277012107259852,generationtime
Shuffled,11,0.5081908888249674,generationtime
Shuffled,12,0.6145825132880801,generationtime
Shuffled,13,0.7227025356978007,generationtime
Shuffled,14,0.8262437678062677,generationtime
Shuffled,15,0.9361109448204058,generationtime
Shuffled,16,1.040993111588398,generationtime
Shuffled,17,1.1759726202883443,generationtime
Shuffled,18,1.332278156996587,generationtime
Shuffled,19,1.474166632245628,generationtime
Shuffled,20,1.5694508418661102,generationtime
Shuffled,21,1.7868264457681802,generationtime
Shuffled,22,1.9887932106314457,generationtime
Shuffled,23,2.2020723338115733,generationtime
Shuffled,24,2.4017501280009106,generationtime
Shuffled,25,2.5376882986491425,generationtime
Shuffled,26,2.7987767337807608,generationtime
Shuffled,27,2.967627022100707,generationtime
Shuffled,28,3.0213729338842987,generationtime
Shuffled,29,3.029267912772587,generationtime
Shuffled,30,3.2898667413213887,generationtime
Shuffled,31,3.327227215980025,generationtime
Shuffled,32,3.5816880513231752,generationtime
Shuffled,33,3.8407702237521515,generationtime
Shuffled,34,4.079765892002736,generationtime
Shuffled,35,4.433255175983439,generationtime
Shuffled,36,4.507504340277779,generationtime
Shuffled,37,4.690869374634721,generationtime
Shuffled,38,4.897191919191922,generationtime
Shuffled,39,5.095255805515243,generationtime
Shuffled,40,5.2890214285714325,generationtime
Shuffled,41,5.589450354609934,generationtime
Shuffled,42,6.037068840579716,generationtime
Shuffled,43,6.256964646464652,generationtime
Shuffled,44,6.63389646464647,generationtime
Shuffled,45,5.696946693657224,generationtime
Shuffled,46,6.197571428571432,generationtime
Shuffled,47,6.707201704545461,generationtime
Shuffled,48,6.967974137931039,generationtime
Shuffled,49,6.58929615384616,generationtime
Shuffled,50,6.8476346153846235,generationtime
Shuffled,1,0.21680626902920483,length_birth
Shuffled,2,0.8509649680554795,length_birth
Shuffled,3,1.3604803908282987,length_birth
Shuffled,4,1.9862301632015726,length_birth
Shuffled,5,2.932914466565204,length_birth
Shuffled,6,3.92300439085083,length_birth
Shuffled,7,4.85871525786131,length_birth
Shuffled,8,5.9880814929834765,length_birth
Shuffled,9,7.225089975941326,length_birth
Shuffled,10,8.719139679078317,length_birth
Shuffled,11,10.19915792869176,length_birth
Shuffled,12,10.96387716906318,length_birth
Shuffled,13,13.222299041859912,length_birth
Shuffled,14,14.94031049959787,length_birth
Shuffled,15,17.395682017431206,length_birth
Shuffled,16,20.02885676690473,length_birth
Shuffled,17,22.01031867231949,length_birth
Shuffled,18,24.531464744430497,length_birth
Shuffled,19,26.6898371321988,length_birth
Shuffled,20,29.564326382553332,length_birth
Shuffled,21,33.03545302431621,length_birth
Shuffled,22,36.682152505640516,length_birth
Shuffled,23,39.661039542787414,length_birth
Shuffled,24,41.95007361609109,length_birth
Shuffled,25,44.97173616613151,length_birth
Shuffled,26,47.385535267871376,length_birth
Shuffled,27,50.3642265977046,length_birth
Shuffled,28,56.1376746715762,length_birth
Shuffled,29,64.05914202528238,length_birth
Shuffled,30,75.66380200834506,length_birth
Shuffled,31,82.06997867189399,length_birth
Shuffled,32,90.39647580086283,length_birth
Shuffled,33,88.18009000931247,length_birth
Shuffled,34,88.00572912748886,length_birth
Shuffled,35,94.46522454233849,length_birth
Shuffled,36,99.95885447840716,length_birth
Shuffled,37,101.57998852364008,length_birth
Shuffled,38,110.10347954388301,length_birth
Shuffled,39,117.933858359036,length_birth
Shuffled,40,124.60990285434616,length_birth
Shuffled,41,133.10944385656356,length_birth
Shuffled,42,143.57795123920224,length_birth
Shuffled,43,142.91573532194462,length_birth
Shuffled,44,149.44388661719364,length_birth
Shuffled,45,166.36478283696457,length_birth
Shuffled,46,180.22471592865438,length_birth
Shuffled,47,175.40860865420956,length_birth
Shuffled,48,197.30427987761385,length_birth
Shuffled,49,190.85882049880837,length_birth
Shuffled,50,200.45150091616767,length_birth
Shuffled,1,0.6403955793433781,length_final
Shuffled,2,2.0519853244180934,length_final
Shuffled,3,4.1567622417944,length_final
Shuffled,4,6.388368392477634,length_final
Shuffled,5,9.116768724571482,length_final
Shuffled,6,12.135943472466698,length_final
Shuffled,7,16.095651582145873,length_final
Shuffled,8,21.88926385466473,length_final
Shuffled,9,26.39763028315116,length_final
Shuffled,10,32.008609650233886,length_final
Shuffled,11,37.57581555945033,length_final
Shuffled,12,38.40258460028246,length_final
Shuffled,13,45.99536584506625,length_final
Shuffled,14,52.344592993151316,length_final
Shuffled,15,58.52306680726004,length_final
Shuffled,16,68.05699963144677,length_final
Shuffled,17,76.85759286003545,length_final
Shuffled,18,85.53966050136977,length_final
Shuffled,19,93.56767841007132,length_final
Shuffled,20,102.92935933029737,length_final
Shuffled,21,114.58528817260084,length_final
Shuffled,22,128.64700966103058,length_final
Shuffled,23,138.60432254361103,length_final
Shuffled,24,148.04505907837773,length_final
Shuffled,25,161.35435383472188,length_final
Shuffled,26,172.49433726823375,length_final
Shuffled,27,183.37874550835411,length_final
Shuffled,28,206.8567999842956,length_final
Shuffled,29,231.70714549056092,length_final
Shuffled,30,272.18838360095174,length_final
Shuffled,31,291.072904547553,length_final
Shuffled,32,316.0610721713738,length_final
Shuffled,33,306.9116405792878,length_final
Shuffled,34,317.4918982671309,length_final
Shuffled,35,356.91146692832433,length_final
Shuffled,36,369.23957433278935,length_final
Shuffled,37,376.37023775156325,length_final
Shuffled,38,404.79437585946835,length_final
Shuffled,39,440.207269275617,length_final
Shuffled,40,459.5103167143325,length_final
Shuffled,41,497.9999266239317,length_final
Shuffled,42,543.4890909987465,length_final
Shuffled,43,535.8524279945624,length_final
Shuffled,44,567.1449291075495,length_final
Shuffled,45,618.0408968061278,length_final
Shuffled,46,668.6834248920992,length_final
Shuffled,47,677.1712599269965,length_final
Shuffled,48,785.2824771048206,length_final
Shuffled,49,799.6166604907946,length_final
Shuffled,50,827.1705307979967,length_final
Shuffled,1,0.039030055812813505,growth_rate
Shuffled,2,0.10972461042490486,growth_rate
Shuffled,3,0.22612715101583286,growth_rate
Shuffled,4,0.3870444423677856,growth_rate
Shuffled,5,0.5645595333152672,growth_rate
Shuffled,6,0.7624621120925318,growth_rate
Shuffled,7,1.0210796302815948,growth_rate
Shuffled,8,1.2593173806089084,growth_rate
Shuffled,9,1.5408041040663494,growth_rate
Shuffled,10,1.8100680016520323,growth_rate
Shuffled,11,2.1766362073499996,growth_rate
Shuffled,12,2.664798527538491,growth_rate
Shuffled,13,3.17831461318775,growth_rate
Shuffled,14,3.718387378250505,growth_rate
Shuffled,15,4.258836395818361,growth_rate
Shuffled,16,4.723319171623451,growth_rate
Shuffled,17,5.3127339470591375,growth_rate
Shuffled,18,5.938463738006168,growth_rate
Shuffled,19,6.529326731208658,growth_rate
Shuffled,20,7.22927232597079,growth_rate
Shuffled,21,8.234040748872587,growth_rate
Shuffled,22,9.065248344867614,growth_rate
Shuffled,23,9.720747068023407,growth_rate
Shuffled,24,10.518048915500765,growth_rate
Shuffled,25,10.773170410381496,growth_rate
Shuffled,26,12.170546566673348,growth_rate
Shuffled,27,13.232862134172729,growth_rate
Shuffled,28,13.615541871088563,growth_rate
Shuffled,29,14.022803618373654,growth_rate
Shuffled,30,15.431957129872464,growth_rate
Shuffled,31,16.546327866403576,growth_rate
Shuffled,32,17.439691068508033,growth_rate
Shuffled,33,18.224491799673014,growth_rate
Shuffled,34,18.63712545552645,growth_rate
Shuffled,35,18.310441750999836,growth_rate
Shuffled,36,18.602696151740382,growth_rate
Shuffled,37,19.465998801555667,growth_rate
Shuffled,38,20.44673354638721,growth_rate
Shuffled,39,21.496082441071376,growth_rate
Shuffled,40,22.864926604410922,growth_rate
Shuffled,41,24.911363666970267,growth_rate
Shuffled,42,26.623160637801735,growth_rate
Shuffled,43,28.507758831443823,growth_rate
Shuffled,44,29.955703466702804,growth_rate
Shuffled,45,27.3231350508204,growth_rate
Shuffled,46,29.515580333321726,growth_rate
Shuffled,47,32.16862265688228,growth_rate
Shuffled,48,35.28305693316832,growth_rate
Shuffled,49,36.332453714152535,growth_rate
Shuffled,50,38.22538663486999,growth_rate
Trace,1,0.022367186498739908,fold_growth
Trace,2,0.03505709808365724,fold_growth
Trace,3,0.05297972097595409,fold_growth
Trace,4,0.05781337580928582,fold_growth
Trace,5,0.06889357156866192,fold_growth
Trace,6,0.07972005156290801,fold_growth
Trace,7,0.09162731825863134,fold_growth
Trace,8,0.096629050680815,fold_growth
Trace,9,0.11224721481333631,fold_growth
Trace,10,0.11855910282479282,fold_growth
Trace,11,0.13221147492212662,fold_growth
Trace,12,0.14253920780549625,fold_growth
Trace,13,0.15943566600901676,fold_growth
Trace,14,0.17174712120849783,fold_growth
Trace,15,0.18323777290488055,fold_growth
Trace,16,0.21029528883382428,fold_growth
Trace,17,0.23329701200145342,fold_growth
Trace,18,0.2595911764934476,fold_growth
Trace,19,0.2836996211711472,fold_growth
Trace,20,0.3015495071807414,fold_growth
Trace,21,0.33177950971242964,fold_growth
Trace,22,0.3663753099064827,fold_growth
Trace,23,0.40973493164579966,fold_growth
Trace,24,0.44232297656740305,fold_growth
Trace,25,0.4707670307582296,fold_growth
Trace,26,0.49018289209180466,fold_growth
Trace,27,0.48066908192858937,fold_growth
Trace,28,0.5272999962207964,fold_growth
Trace,29,0.6041694421098917,fold_growth
Trace,30,0.730004727872668,fold_growth
Trace,31,0.7002634330254321,fold_growth
Trace,32,0.7615013463183239,fold_growth
Trace,33,0.7127395385617196,fold_growth
Trace,34,0.7423319239630729,fold_growth
Trace,35,0.7137450662084519,fold_growth
Trace,36,0.7193051410621695,fold_growth
Trace,37,0.7987910921134606,fold_growth
Trace,38,0.7958885424865142,fold_growth
Trace,39,0.8327214372668544,fold_growth
Trace,40,0.8960924715519775,fold_growth
Trace,41,0.8687738520838014,fold_growth
Trace,42,0.9215373566191136,fold_growth
Trace,43,0.9694161472791835,fold_growth
Trace,44,0.96165141624062,fold_growth
Trace,45,0.9372617999337463,fold_growth
Trace,46,1.0669485703571344,fold_growth
Trace,47,1.084549230861377,fold_growth
Trace,48,1.0171777776064541,fold_growth
Trace,49,0.9319024835251524,fold_growth
Trace,50,0.9490179829782575,fold_growth
Trace,1,0.0013080301537096535,division_ratio
Trace,2,0.003056450515042504,division_ratio
Trace,3,0.004751002069590805,division_ratio
Trace,4,0.00693751260877743,division_ratio
Trace,5,0.00969729099673877,division_ratio
Trace,6,0.012364511775655085,division_ratio
Trace,7,0.01492399374864067,division_ratio
Trace,8,0.017423014992730988,division_ratio
Trace,9,0.020133393054230952,division_ratio
Trace,10,0.02412573006692662,division_ratio
Trace,11,0.02794807255325955,division_ratio
Trace,12,0.031988511122609205,division_ratio
Trace,13,0.03660136780280953,division_ratio
Trace,14,0.041733221299568385,division_ratio
Trace,15,0.04540538815420909,division_ratio
Trace,16,0.04994202919837366,division_ratio
Trace,17,0.05561849548788076,division_ratio
Trace,18,0.06059088767203972,division_ratio
Trace,19,0.06438773092331843,division_ratio
Trace,20,0.07404462268561597,division_ratio
Trace,21,0.08263907509575981,division_ratio
Trace,22,0.0869299857070058,division_ratio
Trace,23,0.09541922631530118,division_ratio
Trace,24,0.10252058378566066,division_ratio
Trace,25,0.11231498264180254,division_ratio
Trace,26,0.12059244302352491,division_ratio
Trace,27,0.12455727960960875,division_ratio
Trace,28,0.12709501504132867,division_ratio
Trace,29,0.13692805495253021,division_ratio
Trace,30,0.14605945912514381,division_ratio
Trace,31,0.14794647754752427,division_ratio
Trace,32,0.16472636708619348,division_ratio
Trace,33,0.15698403557092394,division_ratio
Trace,34,0.15657930281702948,division_ratio
Trace,35,0.1539374542976922,division_ratio
Trace,36,0.16458039515466916,division_ratio
Trace,37,0.17857298684980052,division_ratio
Trace,38,0.18562146291383175,division_ratio
Trace,39,0.20152234316942727,division_ratio
Trace,40,0.22198179277031366,division_ratio
Trace,41,0.23403431726084536,division_ratio
Trace,42,0.2408344550066316,division_ratio
Trace,43,0.2650091616745375,division_ratio
Trace,44,0.2839065569652159,division_ratio
Trace,45,0.2992284199563421,division_ratio
Trace,46,0.31787678115183876,division_ratio
Trace,47,0.32423228201542525,division_ratio
Trace,48,0.24136765542265642,division_ratio
Trace,49,0.24436686218378922,division_ratio
Trace,50,0.2601535671199651,division_ratio
Trace,1,0.5386179946857224,added_length
Trace,2,0.9660646376048685,added_length
Trace,3,2.5904844379032235,added_length
Trace,4,3.353981367885494,added_length
Trace,5,4.671086751682147,added_length
Trace,6,5.6600646080181685,added_length
Trace,7,6.859884242824734,added_length
Trace,8,8.420927350588984,added_length
Trace,9,9.874076415905506,added_length
Trace,10,11.09667610241059,added_length
Trace,11,12.65996523330864,added_length
Trace,12,13.204410455828137,added_length
Trace,13,15.30631722029504,added_length
Trace,14,16.730055830301712,added_length
Trace,15,18.720420212314952,added_length
Trace,16,20.8235913897956,added_length
Trace,17,22.316143811148333,added_length
Trace,18,24.23898993227364,added_length
Trace,19,25.84837998782291,added_length
Trace,20,28.189825706792337,added_length
Trace,21,31.260964813741648,added_length
Trace,22,34.00747428396256,added_length
Trace,23,38.23157493316548,added_length
Trace,24,41.74246863227239,added_length
Trace,25,44.511397853025386,added_length
Trace,26,47.59072512225269,added_length
Trace,27,50.801124246023086,added_length
Trace,28,55.58243133162188,added_length
Trace,29,63.021280669629164,added_length
Trace,30,77.92435327962882,added_length
Trace,31,79.91037505893141,added_length
Trace,32,85.9199452662024,added_length
Trace,33,85.74267393522969,added_length
Trace,34,89.34587547234767,added_length
Trace,35,102.9988445196985,added_length
Trace,36,109.88983767236445,added_length
Trace,37,116.06136503797022,added_length
Trace,38,119.71092648888713,added_length
Trace,39,126.8613496270867,added_length
Trace,40,131.65924914856348,added_length
Trace,41,140.42960511284528,added_length
Trace,42,149.01298674784775,added_length
Trace,43,146.52786698481862,added_length
Trace,44,152.72909729804687,added_length
Trace,45,162.1564120239518,added_length
Trace,46,178.2571186825955,added_length
Trace,47,188.29271538283288,added_length
Trace,48,220.41660996749334,added_length
Trace,49,225.8239221620511,added_length
Trace,50,236.81486991337871,added_length
Trace,1,0.021186425977123648,generationtime
Trace,2,0.04262792052908331,generationtime
Trace,3,0.0783697213639074,generationtime
Trace,4,0.11516844202309319,generationtime
Trace,5,0.16073238195912612,generationtime
Trace,6,0.21353289152707752,generationtime
Trace,7,0.2744107578468043,generationtime
Trace,8,0.303254961549354,generationtime
Trace,9,0.36889896757594737,generationtime
Trace,10,0.4387344648827548,generationtime
Trace,11,0.5090874143055754,generationtime
Trace,12,0.6233022385561847,generationtime
Trace,13,0.719438848438826,generationtime
Trace,14,0.8281178572584821,generationtime
Trace,15,0.9338184105500604,generationtime
Trace,16,1.0234771966486713,generationtime
Trace,17,1.14380970991836,generationtime
Trace,18,1.2832297559493193,generationtime
Trace,19,1.4461868718160533,generationtime
Trace,20,1.5538285456412801,generationtime
Trace,21,1.743880260965145,generationtime
Trace,22,1.9229691003220408,generationtime
Trace,23,2.116634744141558,generationtime
Trace,24,2.2934287177153254,generationtime
Trace,25,2.441135542168675,generationtime
Trace,26,2.7362694630872486,generationtime
Trace,27,2.845323820915926,generationtime
Trace,28,2.873946280991736,generationtime
Trace,29,2.9130812997577022,generationtime
Trace,30,3.239540873460247,generationtime
Trace,31,3.2341123595505605,generationtime
Trace,32,3.4652211975407634,generationtime
Trace,33,3.7003485370051634,generationtime
Trace,34,3.9079348940533154,generationtime
Trace,35,4.226306935817806,generationtime
Trace,36,4.289751984126986,generationtime
Trace,37,4.45552454704851,generationtime
Trace,38,4.5797861952861965,generationtime
Trace,39,4.760803701015968,generationtime
Trace,40,5.012437755102044,generationtime
Trace,41,5.199865913120572,generationtime
Trace,42,5.616484299516912,generationtime
Trace,43,6.100025252525259,generationtime
Trace,44,6.270840909090915,generationtime
Trace,45,5.314325236167345,generationtime
Trace,46,5.788926587301593,generationtime
Trace,47,6.108143939393946,generationtime
Trace,48,6.368731527093602,generationtime
Trace,49,5.975065384615394,generationtime
Trace,50,6.270065384615394,generationtime
Trace,1,0.3091796320809154,length_birth
Trace,2,0.9292142571099251,length_birth
Trace,3,1.6126061913343501,length_birth
Trace,4,2.698413729687722,length_birth
Trace,5,3.7526989999153706,length_birth
Trace,6,4.964727187674945,length_birth
Trace,7,6.237679067354083,length_birth
Trace,8,7.590147689916361,length_birth
Trace,9,9.141572505170876,length_birth
Trace,10,10.776097924161466,length_birth
Trace,11,12.522779538414424,length_birth
Trace,12,13.497395443104526,length_birth
Trace,13,15.7455607026401,length_birth
Trace,14,17.849647676835225,length_birth
Trace,15,20.122723226320893,length_birth
Trace,16,23.00296192525678,length_birth
Trace,17,25.196854795975796,length_birth
Trace,18,27.16869054555005,length_birth
Trace,19,29.145301285257023,length_birth
Trace,20,31.90415059027279,length_birth
Trace,21,36.355045495770014,length_birth
Trace,22,39.66804538767682,length_birth
Trace,23,42.07895082685971,length_birth
Trace,24,44.87437447761819,length_birth
Trace,25,47.89242152854036,length_birth
Trace,26,49.59751198885664,length_birth
Trace,27,53.7610545643135,length_birth
Trace,28,59.61745367044676,length_birth
Trace,29,66.90340948700354,length_birth
Trace,30,77.14788318779605,length_birth
Trace,31,84.41801938854796,length_birth
Trace,32,92.61084283672967,length_birth
Trace,33,91.30162227523543,length_birth
Trace,34,91.69063593812224,length_birth
Trace,35,100.42033338831561,length_birth
Trace,36,107.48535085266253,length_birth
Trace,37,113.12222997529388,length_birth
Trace,38,126.87735789258838,length_birth
Trace,39,137.771559257954,length_birth
Trace,40,146.71365877787832,length_birth
Trace,41,155.9765237941966,length_birth
Trace,42,168.53682210446436,length_birth
Trace,43,169.32349496583083,length_birth
Trace,44,175.20191078105756,length_birth
Trace,45,190.04112024838517,length_birth
Trace,46,203.97097864519742,length_birth
Trace,47,202.02265864037645,length_birth
Trace,48,225.9133681890929,length_birth
Trace,49,226.73816654806097,length_birth
Trace,50,232.3545416460685,length_birth
Trace,1,0.8956483099260741,length_final
Trace,2,2.5640870881761146,length_final
Trace,3,5.863770321845686,length_final
Trace,4,10.034239665707949,length_final
Trace,5,14.330048484673556,length_final
Trace,6,18.35005057750489,length_final
Trace,7,22.961122808215173,length_final
Trace,8,28.573736732398306,length_final
Trace,9,34.015792610419275,length_final
Trace,10,39.75238818983491,length_final
Trace,11,45.68682091791308,length_final
Trace,12,48.26394130103007,length_final
Trace,13,56.44220971169921,length_final
Trace,14,63.10644352509449,length_final
Trace,15,71.3198622355819,length_final
Trace,16,80.43207689982182,length_final
Trace,17,87.19239179534355,length_final
Trace,18,94.37835417538393,length_final
Trace,19,101.00343568490885,length_final
Trace,20,110.65881692325118,length_final
Trace,21,124.38365036553974,length_final
Trace,22,135.76479721704104,length_final
Trace,23,148.40235146694926,length_final
Trace,24,159.26032892383242,length_final
Trace,25,170.42935578163429,length_final
Trace,26,179.63977998758418,length_final
Trace,27,195.11291056374455,length_final
Trace,28,215.75594989578147,length_final
Trace,29,240.64295867368006,length_final
Trace,30,286.4642705982465,length_final
Trace,31,308.6578971908091,length_final
Trace,32,334.36255676314556,length_final
Trace,33,330.63778680357325,length_final
Trace,34,338.3687278297294,length_final
Trace,35,386.15156072595926,length_final
Trace,36,412.96585931784733,length_final
Trace,37,434.77635143260784,length_final
Trace,38,469.3467353731409,length_final
Trace,39,504.2842285660055,length_final
Trace,40,528.745517897574,length_final
Trace,41,564.714409788594,length_final
Trace,42,605.7740488885939,length_final
Trace,43,599.8236552186528,length_final
Trace,44,623.2974088698155,length_final
Trace,45,669.2062051751518,length_final
Trace,46,724.3761877215937,length_final
Trace,47,740.0744777984575,length_final
Trace,48,859.4490555227192,length_final
Trace,49,874.2610883623383,length_final
Trace,50,907.3052459666304,length_final
Trace,1,0.05035088323381736,growth_rate
Trace,2,0.14353028458890543,growth_rate
Trace,3,0.2880377935704404,growth_rate
Trace,4,0.46457498485107707,growth_rate
Trace,5,0.6823527556043623,growth_rate
Trace,6,0.8979298570795615,growth_rate
Trace,7,1.1625971899390597,growth_rate
Trace,8,1.4223809414403765,growth_rate
Trace,9,1.712916057935084,growth_rate
Trace,10,2.0629905468417853,growth_rate
Trace,11,2.419931891618478,growth_rate
Trace,12,2.871367036592609,growth_rate
Trace,13,3.32715066602545,growth_rate
Trace,14,3.883673237145759,growth_rate
Trace,15,4.369750994221463,growth_rate
Trace,16,4.7860085868830335,growth_rate
Trace,17,5.326492029540043,growth_rate
Trace,18,5.946172494381406,growth_rate
Trace,19,6.678275515498716,growth_rate
Trace,20,7.400771448702184,growth_rate
Trace,21,8.44655715813391,growth_rate
Trace,22,9.253997039997852,growth_rate
Trace,23,9.811056350805895,growth_rate
Trace,24,10.593491212155339,growth_rate
Trace,25,10.965988642418033,growth_rate
Trace,26,12.267966030931602,growth_rate
Trace,27,13.140240619856748,growth_rate
Trace,28,13.64278328575857,growth_rate
Trace,29,14.03362212148245,growth_rate
Trace,30,15.31081268155499,growth_rate
Trace,31,16.545870032560043,growth_rate
Trace,32,17.202582644832532,growth_rate
Trace,33,18.179232610506926,growth_rate
Trace,34,18.35696764377369,growth_rate
Trace,35,18.01680113755809,growth_rate
Trace,36,18.53459064407106,growth_rate
Trace,37,19.31543044561176,growth_rate
Trace,38,20.06600821499046,growth_rate
Trace,39,21.074815507781736,growth_rate
Trace,40,22.18406377491049,growth_rate
Trace,41,23.2915063095915,growth_rate
Trace,42,24.639863847369316,growth_rate
Trace,43,26.51600348076372,growth_rate
Trace,44,27.687155076564192,growth_rate
Trace,45,24.76537497452194,growth_rate
Trace,46,26.589424813177565,growth_rate
Trace,47,29.111853151450788,growth_rate
Trace,48,31.879047210296502,growth_rate
Trace,49,32.96005253918688,growth_rate
Trace,50,35.31038026882662,growth_rate
Population,1,0.023868406955081942,fold_growth
Population,2,0.040920769223360645,fold_growth
Population,3,0.06116918723391785,fold_growth
Population,4,0.07570310181205639,fold_growth
Population,5,0.09807888170510753,fold_growth
Population,6,0.11626739139629767,fold_growth
Population,7,0.13870352909358385,fold_growth
Population,8,0.16200300900085532,fold_growth
Population,9,0.19287730513186105,fold_growth
Population,10,0.21346298412045397,fold_growth
Population,11,0.23775187644789816,fold_growth
Population,12,0.2509225094216468,fold_growth
Population,13,0.278794341429099,fold_growth
Population,14,0.2949103477659527,fold_growth
Population,15,0.31592224076889874,fold_growth
Population,16,0.345517825635106,fold_growth
Population,17,0.37505551093948425,fold_growth
Population,18,0.4039188951483694,fold_growth
Population,19,0.42009605026855507,fold_growth
Population,20,0.4202268188672141,fold_growth
Population,21,0.4507949929026968,fold_growth
Population,22,0.478588003388573,fold_growth
Population,23,0.5124508199302931,fold_growth
Population,24,0.5489161666171193,fold_growth
Population,25,0.5742179207822321,fold_growth
Population,26,0.5640927522677496,fold_growth
Population,27,0.5919500617222185,fold_growth
Population,28,0.606478939989001,fold_growth
Population,29,0.6131815973212812,fold_growth
Population,30,0.6590703240883683,fold_growth
Population,31,0.6560959075623289,fold_growth
Population,32,0.5498874324512324,fold_growth
Population,33,0.5621991112453459,fold_growth
Population,34,0.6402852910417532,fold_growth
Population,35,0.6861224874554549,fold_growth
Population,36,0.7499304542504881,fold_growth
Population,37,0.7802008696309726,fold_growth
Population,38,0.8417214710176723,fold_growth
Population,39,0.8520179122515454,fold_growth
Population,40,0.8806968726096049,fold_growth
Population,41,0.8640276231432776,fold_growth
Population,42,0.8737260788918852,fold_growth
Population,43,0.8574908045772791,fold_growth
Population,44,0.857842662555834,fold_growth
Population,45,0.9317680669264633,fold_growth
Population,46,0.985081680927106,fold_growth
Population,47,0.9635260594174745,fold_growth
Population,48,1.2310129896657376,fold_growth
Population,49,0.8675195818329884,fold_growth
Population,50,0.9515716874812273,fold_growth
Population,1,0.0016189488421887298,division_ratio
Population,2,0.0031585266548955593,division_ratio
Population,3,0.004754808307761352,division_ratio
Population,4,0.006297076033804565,division_ratio
Population,5,0.007823958409562173,division_ratio
Population,6,0.00942578850182367,division_ratio
Population,7,0.010943062105529254,division_ratio
Population,8,0.012743854002517931,division_ratio
Population,9,0.013633436294202928,division_ratio
Population,10,0.015703952443082637,division_ratio
Population,11,0.017491203261059695,division_ratio
Population,12,0.01984886007739045,division_ratio
Population,13,0.02111094825231921,division_ratio
Population,14,0.02364318499826085,division_ratio
Population,15,0.025059453702676492,division_ratio
Population,16,0.026096643891186034,division_ratio
Population,17,0.02705381697889121,division_ratio
Population,18,0.027932060294246604,division_ratio
Population,19,0.0323024607482659,division_ratio
Population,20,0.032275035221736394,division_ratio
Population,21,0.03177763867903163,division_ratio
Population,22,0.03346263121690954,division_ratio
Population,23,0.03542015747376097,division_ratio
Population,24,0.03762813349958874,division_ratio
Population,25,0.035297729964960695,division_ratio
Population,26,0.041175639283163624,division_ratio
Population,27,0.04539562568657775,division_ratio
Population,28,0.041225018808918115,division_ratio
Population,29,0.03985449590300343,division_ratio
Population,30,0.04512966042759487,division_ratio
Population,31,0.04472582803657926,division_ratio
Population,32,0.04596595126502617,division_ratio
Population,33,0.042336743521925076,division_ratio
Population,34,0.048880004019426694,division_ratio
Population,35,0.0487450498640536,division_ratio
Population,36,0.04883636480467717,division_ratio
Population,37,0.04816328986503537,division_ratio
Population,38,0.042795999648405886,division_ratio
Population,39,0.0453180610905916,division_ratio
Population,40,0.04627298831287788,division_ratio
Population,41,0.05078337488710927,division_ratio
Population,42,0.04921735171469862,division_ratio
Population,43,0.04973810373756788,division_ratio
Population,44,0.04930587729592699,division_ratio
Population,45,0.04722533867705553,division_ratio
Population,46,0.04811898137511643,division_ratio
Population,47,0.04694855450878526,division_ratio
Population,48,0.05207648514386753,division_ratio
Population,49,0.05412254111621025,division_ratio
Population,50,0.05958836083388109,division_ratio
Population,1,0.8899041887811009,added_length
Population,2,1.3296430259940772,added_length
Population,3,1.7949121676393935,added_length
Population,4,2.174645565590178,added_length
Population,5,2.801872689333669,added_length
Population,6,3.313167127868449,added_length
Population,7,3.8771291075332663,added_length
Population,8,4.526846326557956,added_length
Population,9,6.1285682814242906,added_length
Population,10,6.3327957837508615,added_length
Population,11,6.789561779553446,added_length
Population,12,7.411590481161951,added_length
Population,13,8.314188702267364,added_length
Population,14,8.666138482265008,added_length
Population,15,9.12515584307064,added_length
Population,16,9.738694594164967,added_length
Population,17,10.67172597844937,added_length
Population,18,11.059426297754513,added_length
Population,19,10.734406723027528,added_length
Population,20,10.594206406395445,added_length
Population,21,10.895529046053158,added_length
Population,22,11.522887828349267,added_length
Population,23,12.623420653187214,added_length
Population,24,13.336642884840904,added_length
Population,25,13.196573436456628,added_length
Population,26,13.450720534012623,added_length
Population,27,14.100865925979768,added_length
Population,28,14.618119984974097,added_length
Population,29,14.01027036913278,added_length
Population,30,14.498788004343796,added_length
Population,31,14.68683077123913,added_length
Population,32,13.80269337927966,added_length
Population,33,13.890296790153934,added_length
Population,34,19.53774329160188,added_length
Population,35,20.80122846874183,added_length
Population,36,22.01975325914852,added_length
Population,37,22.878070741015378,added_length
Population,38,23.284292683901842,added_length
Population,39,23.142450239281,added_length
Population,40,23.63002914318272,added_length
Population,41,24.654070451752336,added_length
Population,42,25.7414333531863,added_length
Population,43,25.180461004910693,added_length
Population,44,25.343749990081346,added_length
Population,45,26.448274165749474,added_length
Population,46,27.91357199017655,added_length
Population,47,30.195965034767195,added_length
Population,48,36.26433848385132,added_length
Population,49,15.716951734994844,added_length
Population,50,18.32909185555505,added_length
Population,1,0.024016926871578036,generationtime
Population,2,0.041136770206537644,generationtime
Population,3,0.05582934894562801,generationtime
Population,4,0.06879336748522795,generationtime
Population,5,0.09087603675394375,generationtime
Population,6,0.10621077953054699,generationtime
Population,7,0.12457440234184423,generationtime
Population,8,0.1367820730671198,generationtime
Population,9,0.1637273641851107,generationtime
Population,10,0.17634924744740013,generationtime
Population,11,0.1974215566422168,generationtime
Population,12,0.20619562597903363,generationtime
Population,13,0.21766456723396013,generationtime
Population,14,0.2329056591556591,generationtime
Population,15,0.2519565330557001,generationtime
Population,16,0.27093808653083323,generationtime
Population,17,0.3183863123154419,generationtime
Population,18,0.3411839613820187,generationtime
Population,19,0.3475080545229243,generationtime
Population,20,0.3282504824001741,generationtime
Population,21,0.3400393575151578,generationtime
Population,22,0.3555683115241938,generationtime
Population,23,0.36820540411286473,generationtime
Population,24,0.39985571452952556,generationtime
Population,25,0.40736582694414025,generationtime
Population,26,0.44998255033557055,generationtime
Population,27,0.48504870129870137,generationtime
Population,28,0.47369455922865045,generationtime
Population,29,0.4692211838006236,generationtime
Population,30,0.5371836506159026,generationtime
Population,31,0.5121460674157311,generationtime
Population,32,0.49902165196471615,generationtime
Population,33,0.5323967297762486,generationtime
Population,34,0.5578460355434051,generationtime
Population,35,0.5439342650103524,generationtime
Population,36,0.567097594246032,generationtime
Population,37,0.6070543541788431,generationtime
Population,38,0.579340067340068,generationtime
Population,39,0.6239640783744562,generationtime
Population,40,0.6297234693877563,generationtime
Population,41,0.636302083333334,generationtime
Population,42,0.6609130434782615,generationtime
Population,43,0.6694570707070713,generationtime
Population,44,0.7070631313131318,generationtime
Population,45,0.7370377867746294,generationtime
Population,46,0.8486587301587315,generationtime
Population,47,0.8336126893939396,generationtime
Population,48,1.0020812807881763,generationtime
Population,49,0.8437846153846144,generationtime
Population,50,0.9502153846153842,generationtime
Population,1,0.2550365590635296,length_birth
Population,2,0.5143743954499624,length_birth
Population,3,0.7583593612479503,length_birth
Population,4,0.9704181855039705,length_birth
Population,5,1.1998183978056816,length_birth
Population,6,1.41097538499202,length_birth
Population,7,1.724852759485222,length_birth
Population,8,1.9194740398025745,length_birth
Population,9,2.1755950589398294,length_birth
Population,10,2.52831776205,length_birth
Population,11,2.8140446509682633,length_birth
Population,12,3.009556032951851,length_birth
Population,13,3.12005190465723,length_birth
Population,14,3.357926462304084,length_birth
Population,15,3.576034360483911,length_birth
Population,16,3.910127529477536,length_birth
Population,17,4.701230450846031,length_birth
Population,18,5.0969619712569365,length_birth
Population,19,5.311102867816038,length_birth
Population,20,5.433749620446743,length_birth
Population,21,5.927328078319693,length_birth
Population,22,6.193908135545851,length_birth
Population,23,6.566141683046435,length_birth
Population,24,6.503227104795874,length_birth
Population,25,7.0210424761943475,length_birth
Population,26,7.242579878046503,length_birth
Population,27,7.042693526637386,length_birth
Population,28,7.747434231120797,length_birth
Population,29,8.053461172004722,length_birth
Population,30,8.414718751830865,length_birth
Population,31,9.281088144733692,length_birth
Population,32,9.767721353160313,length_birth
Population,33,10.258966493283312,length_birth
Population,34,10.735187639261696,length_birth
Population,35,11.81484183362523,length_birth
Population,36,11.725747748783222,length_birth
Population,37,12.47050311474249,length_birth
Population,38,13.212778214313623,length_birth
Population,39,12.02965596679866,length_birth
Population,40,12.767190513618454,length_birth
Population,41,13.582267797305843,length_birth
Population,42,13.045243691111153,length_birth
Population,43,12.426898508184307,length_birth
Population,44,11.940223380822461,length_birth
Population,45,14.122855372794675,length_birth
Population,46,15.362486220136848,length_birth
Population,47,12.095341512804572,length_birth
Population,48,14.12632818110929,length_birth
Population,49,12.48483844697952,length_birth
Population,50,12.452245890756938,length_birth
Population,1,1.2038538112273673,length_final
Population,2,1.966557993571871,length_final
Population,3,2.8541299644724263,length_final
Population,4,3.5033678030723223,length_final
Population,5,4.399069809754201,length_final
Population,6,5.257730106661399,length_final
Population,7,6.255460610716918,length_final
Population,8,7.221130921691293,length_final
Population,9,9.059547896407148,length_final
Population,10,9.468559652106775,length_final
Population,11,9.994801388958672,length_final
Population,12,11.132076443720019,length_final
Population,13,12.084065530297528,length_final
Population,14,12.780769256856582,length_final
Population,15,13.291666049037289,length_final
Population,16,13.72420377722824,length_final
Population,17,15.79709775473116,length_final
Population,18,16.551846483865138,length_final
Population,19,16.30668398668303,length_final
Population,20,16.496115431851788,length_final
Population,21,16.866449315301693,length_final
Population,22,17.851004383921747,length_final
Population,23,19.46077508205238,length_final
Population,24,19.426033942279812,length_final
Population,25,18.76094984635606,length_final
Population,26,19.799055177640355,length_final
Population,27,19.848164755643293,length_final
Population,28,21.33992073552027,length_final
Population,29,20.855101067802416,length_final
Population,30,21.6938380014523,length_final
Population,31,24.078266949435147,length_final
Population,32,26.25979889012824,length_final
Population,33,26.37691358681284,length_final
Population,34,32.154660506571176,length_final
Population,35,35.39291392032043,length_final
Population,36,35.2320155205052,length_final
Population,37,36.27456867001819,length_final
Population,38,35.6411626538969,length_final
Population,39,34.255507900719664,length_final
Population,40,36.127124676444204,length_final
Population,41,39.46656603369076,length_final
Population,42,39.32643484663958,length_final
Population,43,37.521562024714335,length_final
Population,44,36.56091865515105,length_final
Population,45,39.495980181940865,length_final
Population,46,41.21139796007485,length_final
Population,47,40.034229100666195,length_final
Population,48,46.11087640168913,length_final
Population,49,22.659792491707382,length_final
Population,50,25.805117576956082,length_final
Population,1,0.041384858574923605,growth_rate
Population,2,0.08429356953169713,growth_rate
Population,3,0.13432836413147492,growth_rate
Population,4,0.1764930405556134,growth_rate
Population,5,0.22301623577638963,growth_rate
Population,6,0.2762810598932647,growth_rate
Population,7,0.31143889053136325,growth_rate
Population,8,0.3410454178871864,growth_rate
Population,9,0.3691842736125331,growth_rate
Population,10,0.40855849861905785,growth_rate
Population,11,0.45101159891149284,growth_rate
Population,12,0.5053504768196992,growth_rate
Population,13,0.5593881830597833,growth_rate
Population,14,0.5830488852783813,growth_rate
Population,15,0.610152260564187,growth_rate
Population,16,0.6340735289725936,growth_rate
Population,17,0.6521602681920545,growth_rate
Population,18,0.6793140099381728,growth_rate
Population,19,0.7216725542871893,growth_rate
Population,20,0.71928135914998,growth_rate
Population,21,0.7588352550066257,growth_rate
Population,22,0.7888320706892687,growth_rate
Population,23,0.8050621120245333,growth_rate
Population,24,0.8797615934880008,growth_rate
Population,25,0.9516945985426712,growth_rate
Population,26,1.01395417397195,growth_rate
Population,27,1.0737110619800554,growth_rate
Population,28,1.0444913371895224,growth_rate
Population,29,1.1088796601638917,growth_rate
Population,30,1.1982430825208281,growth_rate
Population,31,1.2180586924284635,growth_rate
Population,32,1.3441278788249569,growth_rate
Population,33,1.25839762550864,growth_rate
Population,34,1.3744511302980493,growth_rate
Population,35,1.3775568738481396,growth_rate
Population,36,1.6238306212293134,growth_rate
Population,37,1.7266599741127855,growth_rate
Population,38,1.7331665555449165,growth_rate
Population,39,1.7558133360213666,growth_rate
Population,40,1.7608252016874029,growth_rate
Population,41,1.6413402808792341,growth_rate
Population,42,1.6572336237888676,growth_rate
Population,43,1.756485404465097,growth_rate
Population,44,1.761695837453911,growth_rate
Population,45,1.808361812125001,growth_rate
Population,46,1.5527569600797668,growth_rate
Population,47,1.6861886533071742,growth_rate
Population,48,1.9734004821469198,growth_rate
Population,49,2.124998815090008,growth_rate
Population,50,2.092690579297417,growth_rate
Trace-Centered,1,0.02025604308202418,fold_growth
Trace-Centered,2,0.030537532877641455,fold_growth
Trace-Centered,3,0.04390462672173047,fold_growth
Trace-Centered,4,0.04503046947908691,fold_growth
Trace-Centered,5,0.050085456695972565,fold_growth
Trace-Centered,6,0.05714066169375597,fold_growth
Trace-Centered,7,0.061357312425533474,fold_growth
Trace-Centered,8,0.06328135806388797,fold_growth
Trace-Centered,9,0.0671203281755182,fold_growth
Trace-Centered,10,0.06625133400064137,fold_growth
Trace-Centered,11,0.06855527976814742,fold_growth
Trace-Centered,12,0.06773952230054531,fold_growth
Trace-Centered,13,0.07087722068261593,fold_growth
Trace-Centered,14,0.07245345312168874,fold_growth
Trace-Centered,15,0.07116243263839785,fold_growth
Trace-Centered,16,0.0829756634805315,fold_growth
Trace-Centered,17,0.09400667797364255,fold_growth
Trace-Centered,18,0.08620803994773192,fold_growth
Trace-Centered,19,0.08578743659068588,fold_growth
Trace-Centered,20,0.08987615849615758,fold_growth
Trace-Centered,21,0.0972993280792631,fold_growth
Trace-Centered,22,0.09445662413756001,fold_growth
Trace-Centered,23,0.09271697013325164,fold_growth
Trace-Centered,24,0.10287014767488299,fold_growth
Trace-Centered,25,0.10291709353428452,fold_growth
Trace-Centered,26,0.09447555989458943,fold_growth
Trace-Centered,27,0.08986246873454565,fold_growth
Trace-Centered,28,0.09764104004344913,fold_growth
Trace-Centered,29,0.12480630924625673,fold_growth
Trace-Centered,30,0.13548857053592742,fold_growth
Trace-Centered,31,0.1317514166291368,fold_growth
Trace-Centered,32,0.13157523335978344,fold_growth
Trace-Centered,33,0.14879698504866068,fold_growth
Trace-Centered,34,0.14590222086831928,fold_growth
Trace-Centered,35,0.16616609885839306,fold_growth
Trace-Centered,36,0.16456053369042198,fold_growth
Trace-Centered,37,0.1900763408247888,fold_growth
Trace-Centered,38,0.1751802826394784,fold_growth
Trace-Centered,39,0.1838026240995028,fold_growth
Trace-Centered,40,0.16819939897870412,fold_growth
Trace-Centered,41,0.17599980688384648,fold_growth
Trace-Centered,42,0.18130337456569096,fold_growth
Trace-Centered,43,0.16075591172980133,fold_growth
Trace-Centered,44,0.14376384517150423,fold_growth
Trace-Centered,45,0.17101735799044995,fold_growth
Trace-Centered,46,0.18101229150902398,fold_growth
Trace-Centered,47,0.17662123219727185,fold_growth
Trace-Centered,48,0.1994727162304226,fold_growth
Trace-Centered,49,0.19368356505147338,fold_growth
Trace-Centered,50,0.1802900802140145,fold_growth
Trace-Centered,1,0.0012263661887935776,division_ratio
Trace-Centered,2,0.002652620796216235,division_ratio
Trace-Centered,3,0.0040658400616517525,division_ratio
Trace-Centered,4,0.0057067247570602815,division_ratio
Trace-Centered,5,0.007351833878120159,division_ratio
Trace-Centered,6,0.009222342857239567,division_ratio
Trace-Centered,7,0.010186486976096167,division_ratio
Trace-Centered,8,0.010489789635586205,division_ratio
Trace-Centered,9,0.010482689337181352,division_ratio
Trace-Centered,10,0.011028453375554323,division_ratio
Trace-Centered,11,0.011286868945173008,division_ratio
Trace-Centered,12,0.011935879341507373,division_ratio
Trace-Centered,13,0.013124075602005148,division_ratio
Trace-Centered,14,0.014042058391229219,division_ratio
Trace-Centered,15,0.014365116244702285,division_ratio
Trace-Centered,16,0.015006671553555168,division_ratio
Trace-Centered,17,0.015511780760319414,division_ratio
Trace-Centered,18,0.015887734349688744,division_ratio
Trace-Centered,19,0.016117109147246803,division_ratio
Trace-Centered,20,0.01678447396712751,division_ratio
Trace-Centered,21,0.01683783982378577,division_ratio
Trace-Centered,22,0.016850599393826972,division_ratio
Trace-Centered,23,0.015823345451478,division_ratio
Trace-Centered,24,0.016205723168345464,division_ratio
Trace-Centered,25,0.015217910343226759,division_ratio
Trace-Centered,26,0.01533629069944317,division_ratio
Trace-Centered,27,0.013994206102892611,division_ratio
Trace-Centered,28,0.016267077374122856,division_ratio
Trace-Centered,29,0.01759780601269926,division_ratio
Trace-Centered,30,0.018902263328884637,division_ratio
Trace-Centered,31,0.01891897636970455,division_ratio
Trace-Centered,32,0.01964207307468456,division_ratio
Trace-Centered,33,0.01890565542636838,division_ratio
Trace-Centered,34,0.02125947066595844,division_ratio
Trace-Centered,35,0.026127812666811995,division_ratio
Trace-Centered,36,0.027721445828678148,division_ratio
Trace-Centered,37,0.0301254852398222,division_ratio
Trace-Centered,38,0.030399848074777643,division_ratio
Trace-Centered,39,0.02579404044115092,division_ratio
Trace-Centered,40,0.028527716591725746,division_ratio
Trace-Centered,41,0.02738422598114075,division_ratio
Trace-Centered,42,0.02917627133799865,division_ratio
Trace-Centered,43,0.02999668212930415,division_ratio
Trace-Centered,44,0.02669284951636078,division_ratio
Trace-Centered,45,0.03166383658950406,division_ratio
Trace-Centered,46,0.03215981919186007,division_ratio
Trace-Centered,47,0.03278483822624429,division_ratio
Trace-Centered,48,0.03232473318015018,division_ratio
Trace-Centered,49,0.03160203309821117,division_ratio
Trace-Centered,50,0.027361516018549404,division_ratio
Trace-Centered,1,0.4178701906957087,added_length
Trace-Centered,2,0.6602847402460641,added_length
Trace-Centered,3,1.3004559627282173,added_length
Trace-Centered,4,1.471811298828951,added_length
Trace-Centered,5,1.7388740659083461,added_length
Trace-Centered,6,1.899915259359337,added_length
Trace-Centered,7,1.9901112509255956,added_length
Trace-Centered,8,2.2949308956576204,added_length
Trace-Centered,9,2.355327556913384,added_length
Trace-Centered,10,2.2803210932976055,added_length
Trace-Centered,11,2.4657213601655843,added_length
Trace-Centered,12,2.7062725471453906,added_length
Trace-Centered,13,2.976972516576258,added_length
Trace-Centered,14,3.033471496484515,added_length
Trace-Centered,15,2.967357558712352,added_length
Trace-Centered,16,3.098935690134582,added_length
Trace-Centered,17,3.268260758503435,added_length
Trace-Centered,18,3.238393863615648,added_length
Trace-Centered,19,3.5243978829695988,added_length
Trace-Centered,20,3.757828078315595,added_length
Trace-Centered,21,4.210872166233175,added_length
Trace-Centered,22,4.272694214786765,added_length
Trace-Centered,23,4.286164575922292,added_length
Trace-Centered,24,4.162122756295984,added_length
Trace-Centered,25,4.620126219622715,added_length
Trace-Centered,26,4.624447002064648,added_length
Trace-Centered,27,5.18029769719108,added_length
Trace-Centered,28,5.665838946444587,added_length
Trace-Centered,29,7.100027895194191,added_length
Trace-Centered,30,6.044406428469399,added_length
Trace-Centered,31,6.554555522297205,added_length
Trace-Centered,32,7.506368592643376,added_length
Trace-Centered,33,6.455105406954926,added_length
Trace-Centered,34,6.2734680984901985,added_length
Trace-Centered,35,6.74785905341003,added_length
Trace-Centered,36,6.642077151573286,added_length
Trace-Centered,37,7.675864624996005,added_length
Trace-Centered,38,7.369745902987631,added_length
Trace-Centered,39,5.618270602934136,added_length
Trace-Centered,40,5.376420899315633,added_length
Trace-Centered,41,5.958883155573182,added_length
Trace-Centered,42,6.074884974981806,added_length
Trace-Centered,43,5.333079445492426,added_length
Trace-Centered,44,5.3149442694931315,added_length
Trace-Centered,45,6.06421634142603,added_length
Trace-Centered,46,6.339278744763245,added_length
Trace-Centered,47,5.502129571313413,added_length
Trace-Centered,48,6.8424024815475075,added_length
Trace-Centered,49,8.184761973603488,added_length
Trace-Centered,50,7.1817980515385695,added_length
Trace-Centered,1,0.017157490421651985,generationtime
Trace-Centered,2,0.027260201514492325,generationtime
Trace-Centered,3,0.039694691709531375,generationtime
Trace-Centered,4,0.04782153174806391,generationtime
Trace-Centered,5,0.05306085825115467,generationtime
Trace-Centered,6,0.062247621365136035,generationtime
Trace-Centered,7,0.06386234811053187,generationtime
Trace-Centered,8,0.0686742289109821,generationtime
Trace-Centered,9,0.06995302455165005,generationtime
Trace-Centered,10,0.06836790307370637,generationtime
Trace-Centered,11,0.06630280671798432,generationtime
Trace-Centered,12,0.06743361475504968,generationtime
Trace-Centered,13,0.06954116868125877,generationtime
Trace-Centered,14,0.07003464807188488,generationtime
Trace-Centered,15,0.07131653002585203,generationtime
Trace-Centered,16,0.08134007368328122,generationtime
Trace-Centered,17,0.08805947539349528,generationtime
Trace-Centered,18,0.08850316677544079,generationtime
Trace-Centered,19,0.08797376987038402,generationtime
Trace-Centered,20,0.09348246314146962,generationtime
Trace-Centered,21,0.09602549343390192,generationtime
Trace-Centered,22,0.0922901729568739,generationtime
Trace-Centered,23,0.09266180951011058,generationtime
Trace-Centered,24,0.09858770112839352,generationtime
Trace-Centered,25,0.10932524600860682,generationtime
Trace-Centered,26,0.11200703912788018,generationtime
Trace-Centered,27,0.11604064266911022,generationtime
Trace-Centered,28,0.12550766176586015,generationtime
Trace-Centered,29,0.1342824048748339,generationtime
Trace-Centered,30,0.11503352222277878,generationtime
Trace-Centered,31,0.12426816285710607,generationtime
Trace-Centered,32,0.12220262487564207,generationtime
Trace-Centered,33,0.11302019729165044,generationtime
Trace-Centered,34,0.10923236381107419,generationtime
Trace-Centered,35,0.12835475314102499,generationtime
Trace-Centered,36,0.1312558608423032,generationtime
Trace-Centered,37,0.1457286032926124,generationtime
Trace-Centered,38,0.13144643305178408,generationtime
Trace-Centered,39,0.13290033390775396,generationtime
Trace-Centered,40,0.12993465950831093,generationtime
Trace-Centered,41,0.14764284226345503,generationtime
Trace-Centered,42,0.14504835160767532,generationtime
Trace-Centered,43,0.13914455971239792,generationtime
Trace-Centered,44,0.11053373987320604,generationtime
Trace-Centered,45,0.11721096809405733,generationtime
Trace-Centered,46,0.1286086072799442,generationtime
Trace-Centered,47,0.14204839256549143,generationtime
Trace-Centered,48,0.17132110282170657,generationtime
Trace-Centered,49,0.17801429867149016,generationtime
Trace-Centered,50,0.16312759247625483,generationtime
Trace-Centered,1,0.2505116824767589,length_birth
Trace-Centered,2,0.6491625924524925,length_birth
Trace-Centered,3,1.0118902107086758,length_birth
Trace-Centered,4,1.2573722767773459,length_birth
Trace-Centered,5,1.5375617400751047,length_birth
Trace-Centered,6,1.8053089535262197,length_birth
Trace-Centered,7,2.045428099232234,length_birth
Trace-Centered,8,2.235741837551672,length_birth
Trace-Centered,9,2.3863889842508454,length_birth
Trace-Centered,10,2.4693455642468365,length_birth
Trace-Centered,11,2.55670408050093,length_birth
Trace-Centered,12,2.789797744948193,length_birth
Trace-Centered,13,3.0075560000362516,length_birth
Trace-Centered,14,3.1605511165598315,length_birth
Trace-Centered,15,3.268394119729131,length_birth
Trace-Centered,16,3.462319980866059,length_birth
Trace-Centered,17,3.4782085678177226,length_birth
Trace-Centered,18,3.2894229468725866,length_birth
Trace-Centered,19,3.310429873077567,length_birth
Trace-Centered,20,3.4175634836724442,length_birth
Trace-Centered,21,3.5746039088310146,length_birth
Trace-Centered,22,3.807427985503163,length_birth
Trace-Centered,23,4.09769074253978,length_birth
Trace-Centered,24,4.439892248295913,length_birth
Trace-Centered,25,4.659935407032738,length_birth
Trace-Centered,26,4.913733884534907,length_birth
Trace-Centered,27,5.143032188041033,length_birth
Trace-Centered,28,5.454828860714182,length_birth
Trace-Centered,29,6.179250459759178,length_birth
Trace-Centered,30,6.944528415172733,length_birth
Trace-Centered,31,6.9290209208302285,length_birth
Trace-Centered,32,6.944352340242771,length_birth
Trace-Centered,33,7.188010567064831,length_birth
Trace-Centered,34,7.127650684817039,length_birth
Trace-Centered,35,7.374328275169174,length_birth
Trace-Centered,36,7.879907547857144,length_birth
Trace-Centered,37,8.488571271732539,length_birth
Trace-Centered,38,9.02936139617994,length_birth
Trace-Centered,39,9.107123174590253,length_birth
Trace-Centered,40,8.598135260510631,length_birth
Trace-Centered,41,8.203276533238883,length_birth
Trace-Centered,42,8.0596783113365,length_birth
Trace-Centered,43,8.13025003588146,length_birth
Trace-Centered,44,7.701150306541854,length_birth
Trace-Centered,45,8.724625481620786,length_birth
Trace-Centered,46,9.524917629785252,length_birth
Trace-Centered,47,10.573750827055377,length_birth
Trace-Centered,48,11.294153826533739,length_birth
Trace-Centered,49,11.8671311883941,length_birth
Trace-Centered,50,12.255130005774664,length_birth
Trace-Centered,1,0.6068121739984859,length_final
Trace-Centered,2,1.5636009912853812,length_final
Trace-Centered,3,2.4996973204007644,length_final
Trace-Centered,4,3.849532920791862,length_final
Trace-Centered,5,4.7244493053237555,length_final
Trace-Centered,6,5.360632171545483,length_final
Trace-Centered,7,5.913327939995809,length_final
Trace-Centered,8,6.721858601766689,length_final
Trace-Centered,9,7.091580383766717,length_final
Trace-Centered,10,7.283604838649572,length_final
Trace-Centered,11,7.692313091158798,length_final
Trace-Centered,12,8.632882116855413,length_final
Trace-Centered,13,9.405009376504195,length_final
Trace-Centered,14,9.84928290348608,length_final
Trace-Centered,15,10.08886087142457,length_final
Trace-Centered,16,10.216332131254397,length_final
Trace-Centered,17,10.24361613134201,length_final
Trace-Centered,18,10.019871712619796,length_final
Trace-Centered,19,10.65649624007465,length_final
Trace-Centered,20,11.183187871045444,length_final
Trace-Centered,21,12.175108073582454,length_final
Trace-Centered,22,12.863663060517098,length_final
Trace-Centered,23,13.661268736467939,length_final
Trace-Centered,24,13.426711481807688,length_final
Trace-Centered,25,14.89148794629573,length_final
Trace-Centered,26,15.472150667169338,length_final
Trace-Centered,27,17.056440210598858,length_final
Trace-Centered,28,18.457590708242844,length_final
Trace-Centered,29,21.037672429353677,length_final
Trace-Centered,30,21.33030128797431,length_final
Trace-Centered,31,22.555412773547474,length_final
Trace-Centered,32,24.135359570366788,length_final
Trace-Centered,33,22.645959558759944,length_final
Trace-Centered,34,22.557886259634955,length_final
Trace-Centered,35,23.768088516374554,length_final
Trace-Centered,36,24.267253847500474,length_final
Trace-Centered,37,26.29909496568743,length_final
Trace-Centered,38,27.52906229600512,length_final
Trace-Centered,39,23.798970778309574,length_final
Trace-Centered,40,22.9985740169286,length_final
Trace-Centered,41,22.78536996650868,length_final
Trace-Centered,42,22.798824964271493,length_final
Trace-Centered,43,21.934356582898346,length_final
Trace-Centered,44,21.45990548837531,length_final
Trace-Centered,45,23.960382657139984,length_final
Trace-Centered,46,25.489068265926473,length_final
Trace-Centered,47,25.821749066526085,length_final
Trace-Centered,48,28.561718908109345,length_final
Trace-Centered,49,32.77428742228633,length_final
Trace-Centered,50,32.53626882187403,length_final
Trace-Centered,1,0.03463445269608626,growth_rate
Trace-Centered,2,0.07709750898864641,growth_rate
Trace-Centered,3,0.1280019398836456,growth_rate
Trace-Centered,4,0.17671692733405456,growth_rate
Trace-Centered,5,0.22870312752334387,growth_rate
Trace-Centered,6,0.26620636902921846,growth_rate
Trace-Centered,7,0.28627087383813377,growth_rate
Trace-Centered,8,0.31421128714483637,growth_rate
Trace-Centered,9,0.3172325669372804,growth_rate
Trace-Centered,10,0.32138512401141034,growth_rate
Trace-Centered,11,0.32781635967025696,growth_rate
Trace-Centered,12,0.3346081144014908,growth_rate
Trace-Centered,13,0.3408045142345757,growth_rate
Trace-Centered,14,0.35198573336051403,growth_rate
Trace-Centered,15,0.3671503436847621,growth_rate
Trace-Centered,16,0.3904072601991528,growth_rate
Trace-Centered,17,0.41851434804716964,growth_rate
Trace-Centered,18,0.43083326610943745,growth_rate
Trace-Centered,19,0.47391978128017476,growth_rate
Trace-Centered,20,0.48996979201417495,growth_rate
Trace-Centered,21,0.4765555737896809,growth_rate
Trace-Centered,22,0.4744436001543835,growth_rate
Trace-Centered,23,0.5144802037469659,growth_rate
Trace-Centered,24,0.5193275521258205,growth_rate
Trace-Centered,25,0.5765428141621232,growth_rate
Trace-Centered,26,0.6241191506986404,growth_rate
Trace-Centered,27,0.642449577105368,growth_rate
Trace-Centered,28,0.7196744121577828,growth_rate
Trace-Centered,29,0.8375203463989163,growth_rate
Trace-Centered,30,0.9118676232593118,growth_rate
Trace-Centered,31,0.9698543924235278,growth_rate
Trace-Centered,32,0.9467295292180463,growth_rate
Trace-Centered,33,0.9124893861843071,growth_rate
Trace-Centered,34,1.0168552391869619,growth_rate
Trace-Centered,35,1.039659951404031,growth_rate
Trace-Centered,36,1.0662272415385388,growth_rate
Trace-Centered,37,1.0636567835471802,growth_rate
Trace-Centered,38,1.12327196747991,growth_rate
Trace-Centered,39,1.0512028468690076,growth_rate
Trace-Centered,40,1.0571331234745138,growth_rate
Trace-Centered,41,1.0289994820402057,growth_rate
Trace-Centered,42,0.985283438193937,growth_rate
Trace-Centered,43,1.0098565706129392,growth_rate
Trace-Centered,44,0.9184163547901789,growth_rate
Trace-Centered,45,1.0366137860316211,growth_rate
Trace-Centered,46,1.2144596339048623,growth_rate
Trace-Centered,47,1.2439141672972371,growth_rate
Trace-Centered,48,1.3741046551058251,growth_rate
Trace-Centered,49,1.4985937277408263,growth_rate
Trace-Centered,50,1.2895242835686311,growth_rate
