param1,param2,n,generation,gamma_ta,label
div_then_fold,div_then_fold,53,NA,0.0033890036089835045,Trace
div_then_fold,div_and_fold,53,NA,0.0011495228172082124,Trace
div_then_fold,fold_then_div,53,NA,0.0043506689601028724,Trace
div_then_fold,fold_growth,53,NA,0.0034374064790885913,Trace
div_then_fold,division_ratio,53,NA,-0.0020133484160098484,Trace
div_then_fold,added_length,53,NA,0.009545244919000348,Trace
div_then_fold,generationtime,53,NA,0.0030690228591223018,Trace
div_then_fold,length_birth,53,NA,0.009405068117494987,Trace
div_then_fold,length_final,53,NA,0.012936924021666227,Trace
div_then_fold,growth_rate,53,NA,-0.002248075114920123,Trace
div_then_fold,div_then_fold,53,NA,0.0033890036089835045,Trace
div_then_fold,div_and_fold,53,NA,0.0011495228172082124,Trace
div_then_fold,fold_then_div,53,NA,0.0043506689601028724,Trace
div_then_fold,fold_growth,53,NA,0.0034374064790885913,Trace
div_then_fold,division_ratio,53,NA,-0.0020133484160098484,Trace
div_then_fold,added_length,53,NA,0.009545244919000348,Trace
div_then_fold,generationtime,53,NA,0.0030690228591223018,Trace
div_then_fold,length_birth,53,NA,0.009405068117494987,Trace
div_then_fold,length_final,53,NA,0.012936924021666227,Trace
div_then_fold,growth_rate,53,NA,-0.002248075114920123,Trace
div_and_fold,div_and_fold,53,NA,0.010610467854296805,Trace
div_and_fold,fold_then_div,53,NA,-0.0016819809171364018,Trace
div_and_fold,fold_growth,53,NA,0.021559988684492302,Trace
div_and_fold,division_ratio,53,NA,-0.03713689905442727,Trace
div_and_fold,added_length,53,NA,0.007154495333261218,Trace
div_and_fold,generationtime,53,NA,0.02085122465917887,Trace
div_and_fold,length_birth,53,NA,-0.01951990116263178,Trace
div_and_fold,length_final,53,NA,-0.005751614320195049,Trace
div_and_fold,growth_rate,53,NA,-0.040921602122737204,Trace
div_then_fold,div_then_fold,53,NA,0.0033890036089835045,Trace
div_then_fold,div_and_fold,53,NA,0.0011495228172082124,Trace
div_then_fold,fold_then_div,53,NA,0.0043506689601028724,Trace
div_then_fold,fold_growth,53,NA,0.0034374064790885913,Trace
div_then_fold,division_ratio,53,NA,-0.0020133484160098484,Trace
div_then_fold,added_length,53,NA,0.009545244919000348,Trace
div_then_fold,generationtime,53,NA,0.0030690228591223018,Trace
div_then_fold,length_birth,53,NA,0.009405068117494987,Trace
div_then_fold,length_final,53,NA,0.012936924021666227,Trace
div_then_fold,growth_rate,53,NA,-0.002248075114920123,Trace
div_and_fold,div_and_fold,53,NA,0.010610467854296805,Trace
div_and_fold,fold_then_div,53,NA,-0.0016819809171364018,Trace
div_and_fold,fold_growth,53,NA,0.021559988684492302,Trace
div_and_fold,division_ratio,53,NA,-0.03713689905442727,Trace
div_and_fold,added_length,53,NA,0.007154495333261218,Trace
div_and_fold,generationtime,53,NA,0.02085122465917887,Trace
div_and_fold,length_birth,53,NA,-0.01951990116263178,Trace
div_and_fold,length_final,53,NA,-0.005751614320195049,Trace
div_and_fold,growth_rate,53,NA,-0.040921602122737204,Trace
fold_then_div,fold_then_div,53,NA,0.010056473974832445,Trace
fold_then_div,fold_growth,53,NA,-0.001065795459258416,Trace
fold_then_div,division_ratio,53,NA,0.008166380622507748,Trace
fold_then_div,added_length,53,NA,0.013489621871859632,Trace
fold_then_div,generationtime,53,NA,-0.00011740565409606444,Trace
fold_then_div,length_birth,53,NA,0.023000490940389688,Trace
fold_then_div,length_final,53,NA,0.023927961697506696,Trace
fold_then_div,growth_rate,53,NA,0.0038290788199852564,Trace
div_then_fold,div_then_fold,53,NA,0.0033890036089835045,Trace
div_then_fold,div_and_fold,53,NA,0.0011495228172082124,Trace
div_then_fold,fold_then_div,53,NA,0.0043506689601028724,Trace
div_then_fold,fold_growth,53,NA,0.0034374064790885913,Trace
div_then_fold,division_ratio,53,NA,-0.0020133484160098484,Trace
div_then_fold,added_length,53,NA,0.009545244919000348,Trace
div_then_fold,generationtime,53,NA,0.0030690228591223018,Trace
div_then_fold,length_birth,53,NA,0.009405068117494987,Trace
div_then_fold,length_final,53,NA,0.012936924021666227,Trace
div_then_fold,growth_rate,53,NA,-0.002248075114920123,Trace
div_and_fold,div_and_fold,53,NA,0.010610467854296805,Trace
div_and_fold,fold_then_div,53,NA,-0.0016819809171364018,Trace
div_and_fold,fold_growth,53,NA,0.021559988684492302,Trace
div_and_fold,division_ratio,53,NA,-0.03713689905442727,Trace
div_and_fold,added_length,53,NA,0.007154495333261218,Trace
div_and_fold,generationtime,53,NA,0.02085122465917887,Trace
div_and_fold,length_birth,53,NA,-0.01951990116263178,Trace
div_and_fold,length_final,53,NA,-0.005751614320195049,Trace
div_and_fold,growth_rate,53,NA,-0.040921602122737204,Trace
fold_then_div,fold_then_div,53,NA,0.010056473974832445,Trace
fold_then_div,fold_growth,53,NA,-0.001065795459258416,Trace
fold_then_div,division_ratio,53,NA,0.008166380622507748,Trace
fold_then_div,added_length,53,NA,0.013489621871859632,Trace
fold_then_div,generationtime,53,NA,-0.00011740565409606444,Trace
fold_then_div,length_birth,53,NA,0.023000490940389688,Trace
fold_then_div,length_final,53,NA,0.023927961697506696,Trace
fold_then_div,growth_rate,53,NA,0.0038290788199852564,Trace
fold_growth,fold_growth,53,NA,0.052175284598620204,Trace
fold_growth,division_ratio,53,NA,-0.09198368287879119,Trace
fold_growth,added_length,53,NA,0.017712904085218837,Trace
fold_growth,generationtime,53,NA,0.05226098832237183,Trace
fold_growth,length_birth,53,NA,-0.04413924457107411,Trace
fold_growth,length_final,53,NA,-0.01180488344588006,Trace
fold_growth,growth_rate,53,NA,-0.10111080548243347,Trace
div_then_fold,div_then_fold,53,NA,0.0033890036089835045,Trace
div_then_fold,div_and_fold,53,NA,0.0011495228172082124,Trace
div_then_fold,fold_then_div,53,NA,0.0043506689601028724,Trace
div_then_fold,fold_growth,53,NA,0.0034374064790885913,Trace
div_then_fold,division_ratio,53,NA,-0.0020133484160098484,Trace
div_then_fold,added_length,53,NA,0.009545244919000348,Trace
div_then_fold,generationtime,53,NA,0.0030690228591223018,Trace
div_then_fold,length_birth,53,NA,0.009405068117494987,Trace
div_then_fold,length_final,53,NA,0.012936924021666227,Trace
div_then_fold,growth_rate,53,NA,-0.002248075114920123,Trace
div_and_fold,div_and_fold,53,NA,0.010610467854296805,Trace
div_and_fold,fold_then_div,53,NA,-0.0016819809171364018,Trace
div_and_fold,fold_growth,53,NA,0.021559988684492302,Trace
div_and_fold,division_ratio,53,NA,-0.03713689905442727,Trace
div_and_fold,added_length,53,NA,0.007154495333261218,Trace
div_and_fold,generationtime,53,NA,0.02085122465917887,Trace
div_and_fold,length_birth,53,NA,-0.01951990116263178,Trace
div_and_fold,length_final,53,NA,-0.005751614320195049,Trace
div_and_fold,growth_rate,53,NA,-0.040921602122737204,Trace
fold_then_div,fold_then_div,53,NA,0.010056473974832445,Trace
fold_then_div,fold_growth,53,NA,-0.001065795459258416,Trace
fold_then_div,division_ratio,53,NA,0.008166380622507748,Trace
fold_then_div,added_length,53,NA,0.013489621871859632,Trace
fold_then_div,generationtime,53,NA,-0.00011740565409606444,Trace
fold_then_div,length_birth,53,NA,0.023000490940389688,Trace
fold_then_div,length_final,53,NA,0.023927961697506696,Trace
fold_then_div,growth_rate,53,NA,0.0038290788199852564,Trace
fold_growth,fold_growth,53,NA,0.052175284598620204,Trace
fold_growth,division_ratio,53,NA,-0.09198368287879119,Trace
fold_growth,added_length,53,NA,0.017712904085218837,Trace
fold_growth,generationtime,53,NA,0.05226098832237183,Trace
fold_growth,length_birth,53,NA,-0.04413924457107411,Trace
fold_growth,length_final,53,NA,-0.01180488344588006,Trace
fold_growth,growth_rate,53,NA,-0.10111080548243347,Trace
division_ratio,division_ratio,53,NA,0.17194035546152325,Trace
division_ratio,added_length,53,NA,-0.016572343057245646,Trace
division_ratio,generationtime,53,NA,-0.09735346862016954,Trace
division_ratio,length_birth,53,NA,0.09901150765201149,Trace
division_ratio,length_final,53,NA,0.04460185423979722,Trace
division_ratio,growth_rate,53,NA,0.19647762120587145,Trace
div_then_fold,div_then_fold,53,NA,0.0033890036089835045,Trace
div_then_fold,div_and_fold,53,NA,0.0011495228172082124,Trace
div_then_fold,fold_then_div,53,NA,0.0043506689601028724,Trace
div_then_fold,fold_growth,53,NA,0.0034374064790885913,Trace
div_then_fold,division_ratio,53,NA,-0.0020133484160098484,Trace
div_then_fold,added_length,53,NA,0.009545244919000348,Trace
div_then_fold,generationtime,53,NA,0.0030690228591223018,Trace
div_then_fold,length_birth,53,NA,0.009405068117494987,Trace
div_then_fold,length_final,53,NA,0.012936924021666227,Trace
div_then_fold,growth_rate,53,NA,-0.002248075114920123,Trace
div_and_fold,div_and_fold,53,NA,0.010610467854296805,Trace
div_and_fold,fold_then_div,53,NA,-0.0016819809171364018,Trace
div_and_fold,fold_growth,53,NA,0.021559988684492302,Trace
div_and_fold,division_ratio,53,NA,-0.03713689905442727,Trace
div_and_fold,added_length,53,NA,0.007154495333261218,Trace
div_and_fold,generationtime,53,NA,0.02085122465917887,Trace
div_and_fold,length_birth,53,NA,-0.01951990116263178,Trace
div_and_fold,length_final,53,NA,-0.005751614320195049,Trace
div_and_fold,growth_rate,53,NA,-0.040921602122737204,Trace
fold_then_div,fold_then_div,53,NA,0.010056473974832445,Trace
fold_then_div,fold_growth,53,NA,-0.001065795459258416,Trace
fold_then_div,division_ratio,53,NA,0.008166380622507748,Trace
fold_then_div,added_length,53,NA,0.013489621871859632,Trace
fold_then_div,generationtime,53,NA,-0.00011740565409606444,Trace
fold_then_div,length_birth,53,NA,0.023000490940389688,Trace
fold_then_div,length_final,53,NA,0.023927961697506696,Trace
fold_then_div,growth_rate,53,NA,0.0038290788199852564,Trace
fold_growth,fold_growth,53,NA,0.052175284598620204,Trace
fold_growth,division_ratio,53,NA,-0.09198368287879119,Trace
fold_growth,added_length,53,NA,0.017712904085218837,Trace
fold_growth,generationtime,53,NA,0.05226098832237183,Trace
fold_growth,length_birth,53,NA,-0.04413924457107411,Trace
fold_growth,length_final,53,NA,-0.01180488344588006,Trace
fold_growth,growth_rate,53,NA,-0.10111080548243347,Trace
division_ratio,division_ratio,53,NA,0.17194035546152325,Trace
division_ratio,added_length,53,NA,-0.016572343057245646,Trace
division_ratio,generationtime,53,NA,-0.09735346862016954,Trace
division_ratio,length_birth,53,NA,0.09901150765201149,Trace
division_ratio,length_final,53,NA,0.04460185423979722,Trace
division_ratio,growth_rate,53,NA,0.19647762120587145,Trace
added_length,added_length,53,NA,0.07397681455249773,Trace
added_length,generationtime,53,NA,0.021585684335243292,Trace
added_length,length_birth,53,NA,0.0871120186628276,Trace
added_length,length_final,53,NA,0.10853164849981008,Trace
added_length,growth_rate,53,NA,-0.018957233636815472,Trace
div_then_fold,div_then_fold,53,NA,0.0033890036089835045,Trace
div_then_fold,div_and_fold,53,NA,0.0011495228172082124,Trace
div_then_fold,fold_then_div,53,NA,0.0043506689601028724,Trace
div_then_fold,fold_growth,53,NA,0.0034374064790885913,Trace
div_then_fold,division_ratio,53,NA,-0.0020133484160098484,Trace
div_then_fold,added_length,53,NA,0.009545244919000348,Trace
div_then_fold,generationtime,53,NA,0.0030690228591223018,Trace
div_then_fold,length_birth,53,NA,0.009405068117494987,Trace
div_then_fold,length_final,53,NA,0.012936924021666227,Trace
div_then_fold,growth_rate,53,NA,-0.002248075114920123,Trace
div_and_fold,div_and_fold,53,NA,0.010610467854296805,Trace
div_and_fold,fold_then_div,53,NA,-0.0016819809171364018,Trace
div_and_fold,fold_growth,53,NA,0.021559988684492302,Trace
div_and_fold,division_ratio,53,NA,-0.03713689905442727,Trace
div_and_fold,added_length,53,NA,0.007154495333261218,Trace
div_and_fold,generationtime,53,NA,0.02085122465917887,Trace
div_and_fold,length_birth,53,NA,-0.01951990116263178,Trace
div_and_fold,length_final,53,NA,-0.005751614320195049,Trace
div_and_fold,growth_rate,53,NA,-0.040921602122737204,Trace
fold_then_div,fold_then_div,53,NA,0.010056473974832445,Trace
fold_then_div,fold_growth,53,NA,-0.001065795459258416,Trace
fold_then_div,division_ratio,53,NA,0.008166380622507748,Trace
fold_then_div,added_length,53,NA,0.013489621871859632,Trace
fold_then_div,generationtime,53,NA,-0.00011740565409606444,Trace
fold_then_div,length_birth,53,NA,0.023000490940389688,Trace
fold_then_div,length_final,53,NA,0.023927961697506696,Trace
fold_then_div,growth_rate,53,NA,0.0038290788199852564,Trace
fold_growth,fold_growth,53,NA,0.052175284598620204,Trace
fold_growth,division_ratio,53,NA,-0.09198368287879119,Trace
fold_growth,added_length,53,NA,0.017712904085218837,Trace
fold_growth,generationtime,53,NA,0.05226098832237183,Trace
fold_growth,length_birth,53,NA,-0.04413924457107411,Trace
fold_growth,length_final,53,NA,-0.01180488344588006,Trace
fold_growth,growth_rate,53,NA,-0.10111080548243347,Trace
division_ratio,division_ratio,53,NA,0.17194035546152325,Trace
division_ratio,added_length,53,NA,-0.016572343057245646,Trace
division_ratio,generationtime,53,NA,-0.09735346862016954,Trace
division_ratio,length_birth,53,NA,0.09901150765201149,Trace
division_ratio,length_final,53,NA,0.04460185423979722,Trace
division_ratio,growth_rate,53,NA,0.19647762120587145,Trace
added_length,added_length,53,NA,0.07397681455249773,Trace
added_length,generationtime,53,NA,0.021585684335243292,Trace
added_length,length_birth,53,NA,0.0871120186628276,Trace
added_length,length_final,53,NA,0.10853164849981008,Trace
added_length,growth_rate,53,NA,-0.018957233636815472,Trace
generationtime,generationtime,53,NA,0.13225009319132985,Trace
generationtime,length_birth,53,NA,-0.04195236308364224,Trace
generationtime,length_final,53,NA,-0.007503170824331959,Trace
generationtime,growth_rate,53,NA,-0.26762418797336723,Trace
div_then_fold,div_then_fold,53,NA,0.0033890036089835045,Trace
div_then_fold,div_and_fold,53,NA,0.0011495228172082124,Trace
div_then_fold,fold_then_div,53,NA,0.0043506689601028724,Trace
div_then_fold,fold_growth,53,NA,0.0034374064790885913,Trace
div_then_fold,division_ratio,53,NA,-0.0020133484160098484,Trace
div_then_fold,added_length,53,NA,0.009545244919000348,Trace
div_then_fold,generationtime,53,NA,0.0030690228591223018,Trace
div_then_fold,length_birth,53,NA,0.009405068117494987,Trace
div_then_fold,length_final,53,NA,0.012936924021666227,Trace
div_then_fold,growth_rate,53,NA,-0.002248075114920123,Trace
div_and_fold,div_and_fold,53,NA,0.010610467854296805,Trace
div_and_fold,fold_then_div,53,NA,-0.0016819809171364018,Trace
div_and_fold,fold_growth,53,NA,0.021559988684492302,Trace
div_and_fold,division_ratio,53,NA,-0.03713689905442727,Trace
div_and_fold,added_length,53,NA,0.007154495333261218,Trace
div_and_fold,generationtime,53,NA,0.02085122465917887,Trace
div_and_fold,length_birth,53,NA,-0.01951990116263178,Trace
div_and_fold,length_final,53,NA,-0.005751614320195049,Trace
div_and_fold,growth_rate,53,NA,-0.040921602122737204,Trace
fold_then_div,fold_then_div,53,NA,0.010056473974832445,Trace
fold_then_div,fold_growth,53,NA,-0.001065795459258416,Trace
fold_then_div,division_ratio,53,NA,0.008166380622507748,Trace
fold_then_div,added_length,53,NA,0.013489621871859632,Trace
fold_then_div,generationtime,53,NA,-0.00011740565409606444,Trace
fold_then_div,length_birth,53,NA,0.023000490940389688,Trace
fold_then_div,length_final,53,NA,0.023927961697506696,Trace
fold_then_div,growth_rate,53,NA,0.0038290788199852564,Trace
fold_growth,fold_growth,53,NA,0.052175284598620204,Trace
fold_growth,division_ratio,53,NA,-0.09198368287879119,Trace
fold_growth,added_length,53,NA,0.017712904085218837,Trace
fold_growth,generationtime,53,NA,0.05226098832237183,Trace
fold_growth,length_birth,53,NA,-0.04413924457107411,Trace
fold_growth,length_final,53,NA,-0.01180488344588006,Trace
fold_growth,growth_rate,53,NA,-0.10111080548243347,Trace
division_ratio,division_ratio,53,NA,0.17194035546152325,Trace
division_ratio,added_length,53,NA,-0.016572343057245646,Trace
division_ratio,generationtime,53,NA,-0.09735346862016954,Trace
division_ratio,length_birth,53,NA,0.09901150765201149,Trace
division_ratio,length_final,53,NA,0.04460185423979722,Trace
division_ratio,growth_rate,53,NA,0.19647762120587145,Trace
added_length,added_length,53,NA,0.07397681455249773,Trace
added_length,generationtime,53,NA,0.021585684335243292,Trace
added_length,length_birth,53,NA,0.0871120186628276,Trace
added_length,length_final,53,NA,0.10853164849981008,Trace
added_length,growth_rate,53,NA,-0.018957233636815472,Trace
generationtime,generationtime,53,NA,0.13225009319132985,Trace
generationtime,length_birth,53,NA,-0.04195236308364224,Trace
generationtime,length_final,53,NA,-0.007503170824331959,Trace
generationtime,growth_rate,53,NA,-0.26762418797336723,Trace
length_birth,length_birth,53,NA,0.19635177103632023,Trace
length_birth,length_final,53,NA,0.18232467829304624,Trace
length_birth,growth_rate,53,NA,0.11532747179574784,Trace
div_then_fold,div_then_fold,53,NA,0.0033890036089835045,Trace
div_then_fold,div_and_fold,53,NA,0.0011495228172082124,Trace
div_then_fold,fold_then_div,53,NA,0.0043506689601028724,Trace
div_then_fold,fold_growth,53,NA,0.0034374064790885913,Trace
div_then_fold,division_ratio,53,NA,-0.0020133484160098484,Trace
div_then_fold,added_length,53,NA,0.009545244919000348,Trace
div_then_fold,generationtime,53,NA,0.0030690228591223018,Trace
div_then_fold,length_birth,53,NA,0.009405068117494987,Trace
div_then_fold,length_final,53,NA,0.012936924021666227,Trace
div_then_fold,growth_rate,53,NA,-0.002248075114920123,Trace
div_and_fold,div_and_fold,53,NA,0.010610467854296805,Trace
div_and_fold,fold_then_div,53,NA,-0.0016819809171364018,Trace
div_and_fold,fold_growth,53,NA,0.021559988684492302,Trace
div_and_fold,division_ratio,53,NA,-0.03713689905442727,Trace
div_and_fold,added_length,53,NA,0.007154495333261218,Trace
div_and_fold,generationtime,53,NA,0.02085122465917887,Trace
div_and_fold,length_birth,53,NA,-0.01951990116263178,Trace
div_and_fold,length_final,53,NA,-0.005751614320195049,Trace
div_and_fold,growth_rate,53,NA,-0.040921602122737204,Trace
fold_then_div,fold_then_div,53,NA,0.010056473974832445,Trace
fold_then_div,fold_growth,53,NA,-0.001065795459258416,Trace
fold_then_div,division_ratio,53,NA,0.008166380622507748,Trace
fold_then_div,added_length,53,NA,0.013489621871859632,Trace
fold_then_div,generationtime,53,NA,-0.00011740565409606444,Trace
fold_then_div,length_birth,53,NA,0.023000490940389688,Trace
fold_then_div,length_final,53,NA,0.023927961697506696,Trace
fold_then_div,growth_rate,53,NA,0.0038290788199852564,Trace
fold_growth,fold_growth,53,NA,0.052175284598620204,Trace
fold_growth,division_ratio,53,NA,-0.09198368287879119,Trace
fold_growth,added_length,53,NA,0.017712904085218837,Trace
fold_growth,generationtime,53,NA,0.05226098832237183,Trace
fold_growth,length_birth,53,NA,-0.04413924457107411,Trace
fold_growth,length_final,53,NA,-0.01180488344588006,Trace
fold_growth,growth_rate,53,NA,-0.10111080548243347,Trace
division_ratio,division_ratio,53,NA,0.17194035546152325,Trace
division_ratio,added_length,53,NA,-0.016572343057245646,Trace
division_ratio,generationtime,53,NA,-0.09735346862016954,Trace
division_ratio,length_birth,53,NA,0.09901150765201149,Trace
division_ratio,length_final,53,NA,0.04460185423979722,Trace
division_ratio,growth_rate,53,NA,0.19647762120587145,Trace
added_length,added_length,53,NA,0.07397681455249773,Trace
added_length,generationtime,53,NA,0.021585684335243292,Trace
added_length,length_birth,53,NA,0.0871120186628276,Trace
added_length,length_final,53,NA,0.10853164849981008,Trace
added_length,growth_rate,53,NA,-0.018957233636815472,Trace
generationtime,generationtime,53,NA,0.13225009319132985,Trace
generationtime,length_birth,53,NA,-0.04195236308364224,Trace
generationtime,length_final,53,NA,-0.007503170824331959,Trace
generationtime,growth_rate,53,NA,-0.26762418797336723,Trace
length_birth,length_birth,53,NA,0.19635177103632023,Trace
length_birth,length_final,53,NA,0.18232467829304624,Trace
length_birth,growth_rate,53,NA,0.11532747179574784,Trace
length_final,length_final,53,NA,0.19092826240588853,Trace
length_final,growth_rate,53,NA,0.05222248407986429,Trace
div_then_fold,div_then_fold,53,NA,0.0033890036089835045,Trace
div_then_fold,div_and_fold,53,NA,0.0011495228172082124,Trace
div_then_fold,fold_then_div,53,NA,0.0043506689601028724,Trace
div_then_fold,fold_growth,53,NA,0.0034374064790885913,Trace
div_then_fold,division_ratio,53,NA,-0.0020133484160098484,Trace
div_then_fold,added_length,53,NA,0.009545244919000348,Trace
div_then_fold,generationtime,53,NA,0.0030690228591223018,Trace
div_then_fold,length_birth,53,NA,0.009405068117494987,Trace
div_then_fold,length_final,53,NA,0.012936924021666227,Trace
div_then_fold,growth_rate,53,NA,-0.002248075114920123,Trace
div_and_fold,div_and_fold,53,NA,0.010610467854296805,Trace
div_and_fold,fold_then_div,53,NA,-0.0016819809171364018,Trace
div_and_fold,fold_growth,53,NA,0.021559988684492302,Trace
div_and_fold,division_ratio,53,NA,-0.03713689905442727,Trace
div_and_fold,added_length,53,NA,0.007154495333261218,Trace
div_and_fold,generationtime,53,NA,0.02085122465917887,Trace
div_and_fold,length_birth,53,NA,-0.01951990116263178,Trace
div_and_fold,length_final,53,NA,-0.005751614320195049,Trace
div_and_fold,growth_rate,53,NA,-0.040921602122737204,Trace
fold_then_div,fold_then_div,53,NA,0.010056473974832445,Trace
fold_then_div,fold_growth,53,NA,-0.001065795459258416,Trace
fold_then_div,division_ratio,53,NA,0.008166380622507748,Trace
fold_then_div,added_length,53,NA,0.013489621871859632,Trace
fold_then_div,generationtime,53,NA,-0.00011740565409606444,Trace
fold_then_div,length_birth,53,NA,0.023000490940389688,Trace
fold_then_div,length_final,53,NA,0.023927961697506696,Trace
fold_then_div,growth_rate,53,NA,0.0038290788199852564,Trace
fold_growth,fold_growth,53,NA,0.052175284598620204,Trace
fold_growth,division_ratio,53,NA,-0.09198368287879119,Trace
fold_growth,added_length,53,NA,0.017712904085218837,Trace
fold_growth,generationtime,53,NA,0.05226098832237183,Trace
fold_growth,length_birth,53,NA,-0.04413924457107411,Trace
fold_growth,length_final,53,NA,-0.01180488344588006,Trace
fold_growth,growth_rate,53,NA,-0.10111080548243347,Trace
division_ratio,division_ratio,53,NA,0.17194035546152325,Trace
division_ratio,added_length,53,NA,-0.016572343057245646,Trace
division_ratio,generationtime,53,NA,-0.09735346862016954,Trace
division_ratio,length_birth,53,NA,0.09901150765201149,Trace
division_ratio,length_final,53,NA,0.04460185423979722,Trace
division_ratio,growth_rate,53,NA,0.19647762120587145,Trace
added_length,added_length,53,NA,0.07397681455249773,Trace
added_length,generationtime,53,NA,0.021585684335243292,Trace
added_length,length_birth,53,NA,0.0871120186628276,Trace
added_length,length_final,53,NA,0.10853164849981008,Trace
added_length,growth_rate,53,NA,-0.018957233636815472,Trace
generationtime,generationtime,53,NA,0.13225009319132985,Trace
generationtime,length_birth,53,NA,-0.04195236308364224,Trace
generationtime,length_final,53,NA,-0.007503170824331959,Trace
generationtime,growth_rate,53,NA,-0.26762418797336723,Trace
length_birth,length_birth,53,NA,0.19635177103632023,Trace
length_birth,length_final,53,NA,0.18232467829304624,Trace
length_birth,growth_rate,53,NA,0.11532747179574784,Trace
length_final,length_final,53,NA,0.19092826240588853,Trace
length_final,growth_rate,53,NA,0.05222248407986429,Trace
growth_rate,growth_rate,53,NA,0.6326203551682709,Trace
div_then_fold,div_then_fold,54,NA,0.020856765782947637,Artificial
div_then_fold,div_and_fold,54,NA,0.014890847091942539,Artificial
div_then_fold,fold_then_div,54,NA,0.01423258509440625,Artificial
div_then_fold,fold_growth,54,NA,0.015179328998477987,Artificial
div_then_fold,division_ratio,54,NA,-0.005441185205973824,Artificial
div_then_fold,added_length,54,NA,0.014772467498196036,Artificial
div_then_fold,generationtime,54,NA,0.003076469477161189,Artificial
div_then_fold,length_birth,54,NA,-0.0012075511886350289,Artificial
div_then_fold,length_final,54,NA,0.010856339967768623,Artificial
div_then_fold,growth_rate,54,NA,0.0024441289109979245,Artificial
div_then_fold,div_then_fold,54,NA,0.020856765782947637,Artificial
div_then_fold,div_and_fold,54,NA,0.014890847091942539,Artificial
div_then_fold,fold_then_div,54,NA,0.01423258509440625,Artificial
div_then_fold,fold_growth,54,NA,0.015179328998477987,Artificial
div_then_fold,division_ratio,54,NA,-0.005441185205973824,Artificial
div_then_fold,added_length,54,NA,0.014772467498196036,Artificial
div_then_fold,generationtime,54,NA,0.003076469477161189,Artificial
div_then_fold,length_birth,54,NA,-0.0012075511886350289,Artificial
div_then_fold,length_final,54,NA,0.010856339967768623,Artificial
div_then_fold,growth_rate,54,NA,0.0024441289109979245,Artificial
div_and_fold,div_and_fold,54,NA,0.015001162873735254,Artificial
div_and_fold,fold_then_div,54,NA,0.011538991681193758,Artificial
div_and_fold,fold_growth,54,NA,0.014011696355524555,Artificial
div_and_fold,division_ratio,54,NA,-0.0028934336336090636,Artificial
div_and_fold,added_length,54,NA,0.01332873697876225,Artificial
div_and_fold,generationtime,54,NA,0.0031477215621192947,Artificial
div_and_fold,length_birth,54,NA,-0.00327344270776321,Artificial
div_and_fold,length_final,54,NA,0.008525541032686365,Artificial
div_and_fold,growth_rate,54,NA,0.00327506991744569,Artificial
div_then_fold,div_then_fold,54,NA,0.020856765782947637,Artificial
div_then_fold,div_and_fold,54,NA,0.014890847091942539,Artificial
div_then_fold,fold_then_div,54,NA,0.01423258509440625,Artificial
div_then_fold,fold_growth,54,NA,0.015179328998477987,Artificial
div_then_fold,division_ratio,54,NA,-0.005441185205973824,Artificial
div_then_fold,added_length,54,NA,0.014772467498196036,Artificial
div_then_fold,generationtime,54,NA,0.003076469477161189,Artificial
div_then_fold,length_birth,54,NA,-0.0012075511886350289,Artificial
div_then_fold,length_final,54,NA,0.010856339967768623,Artificial
div_then_fold,growth_rate,54,NA,0.0024441289109979245,Artificial
div_and_fold,div_and_fold,54,NA,0.015001162873735254,Artificial
div_and_fold,fold_then_div,54,NA,0.011538991681193758,Artificial
div_and_fold,fold_growth,54,NA,0.014011696355524555,Artificial
div_and_fold,division_ratio,54,NA,-0.0028934336336090636,Artificial
div_and_fold,added_length,54,NA,0.01332873697876225,Artificial
div_and_fold,generationtime,54,NA,0.0031477215621192947,Artificial
div_and_fold,length_birth,54,NA,-0.00327344270776321,Artificial
div_and_fold,length_final,54,NA,0.008525541032686365,Artificial
div_and_fold,growth_rate,54,NA,0.00327506991744569,Artificial
fold_then_div,fold_then_div,54,NA,0.016438089759796843,Artificial
fold_then_div,fold_growth,54,NA,0.011311371708862723,Artificial
fold_then_div,division_ratio,54,NA,-0.0033423311007001735,Artificial
fold_then_div,added_length,54,NA,0.015243443635543367,Artificial
fold_then_div,generationtime,54,NA,0.0020230068285339003,Artificial
fold_then_div,length_birth,54,NA,6.154554159997408e-05,Artificial
fold_then_div,length_final,54,NA,0.01196274180388306,Artificial
fold_then_div,growth_rate,54,NA,0.0029849023089013414,Artificial
div_then_fold,div_then_fold,54,NA,0.020856765782947637,Artificial
div_then_fold,div_and_fold,54,NA,0.014890847091942539,Artificial
div_then_fold,fold_then_div,54,NA,0.01423258509440625,Artificial
div_then_fold,fold_growth,54,NA,0.015179328998477987,Artificial
div_then_fold,division_ratio,54,NA,-0.005441185205973824,Artificial
div_then_fold,added_length,54,NA,0.014772467498196036,Artificial
div_then_fold,generationtime,54,NA,0.003076469477161189,Artificial
div_then_fold,length_birth,54,NA,-0.0012075511886350289,Artificial
div_then_fold,length_final,54,NA,0.010856339967768623,Artificial
div_then_fold,growth_rate,54,NA,0.0024441289109979245,Artificial
div_and_fold,div_and_fold,54,NA,0.015001162873735254,Artificial
div_and_fold,fold_then_div,54,NA,0.011538991681193758,Artificial
div_and_fold,fold_growth,54,NA,0.014011696355524555,Artificial
div_and_fold,division_ratio,54,NA,-0.0028934336336090636,Artificial
div_and_fold,added_length,54,NA,0.01332873697876225,Artificial
div_and_fold,generationtime,54,NA,0.0031477215621192947,Artificial
div_and_fold,length_birth,54,NA,-0.00327344270776321,Artificial
div_and_fold,length_final,54,NA,0.008525541032686365,Artificial
div_and_fold,growth_rate,54,NA,0.00327506991744569,Artificial
fold_then_div,fold_then_div,54,NA,0.016438089759796843,Artificial
fold_then_div,fold_growth,54,NA,0.011311371708862723,Artificial
fold_then_div,division_ratio,54,NA,-0.0033423311007001735,Artificial
fold_then_div,added_length,54,NA,0.015243443635543367,Artificial
fold_then_div,generationtime,54,NA,0.0020230068285339003,Artificial
fold_then_div,length_birth,54,NA,6.154554159997408e-05,Artificial
fold_then_div,length_final,54,NA,0.01196274180388306,Artificial
fold_then_div,growth_rate,54,NA,0.0029849023089013414,Artificial
fold_growth,fold_growth,54,NA,0.01616690867187078,Artificial
fold_growth,division_ratio,54,NA,-0.008385940637291355,Artificial
fold_growth,added_length,54,NA,0.01254697100090148,Artificial
fold_growth,generationtime,54,NA,0.003949691165824277,Artificial
fold_growth,length_birth,54,NA,-0.005320429111466253,Artificial
fold_growth,length_final,54,NA,0.006723676361279147,Artificial
fold_growth,growth_rate,54,NA,0.0032290045315727317,Artificial
div_then_fold,div_then_fold,54,NA,0.020856765782947637,Artificial
div_then_fold,div_and_fold,54,NA,0.014890847091942539,Artificial
div_then_fold,fold_then_div,54,NA,0.01423258509440625,Artificial
div_then_fold,fold_growth,54,NA,0.015179328998477987,Artificial
div_then_fold,division_ratio,54,NA,-0.005441185205973824,Artificial
div_then_fold,added_length,54,NA,0.014772467498196036,Artificial
div_then_fold,generationtime,54,NA,0.003076469477161189,Artificial
div_then_fold,length_birth,54,NA,-0.0012075511886350289,Artificial
div_then_fold,length_final,54,NA,0.010856339967768623,Artificial
div_then_fold,growth_rate,54,NA,0.0024441289109979245,Artificial
div_and_fold,div_and_fold,54,NA,0.015001162873735254,Artificial
div_and_fold,fold_then_div,54,NA,0.011538991681193758,Artificial
div_and_fold,fold_growth,54,NA,0.014011696355524555,Artificial
div_and_fold,division_ratio,54,NA,-0.0028934336336090636,Artificial
div_and_fold,added_length,54,NA,0.01332873697876225,Artificial
div_and_fold,generationtime,54,NA,0.0031477215621192947,Artificial
div_and_fold,length_birth,54,NA,-0.00327344270776321,Artificial
div_and_fold,length_final,54,NA,0.008525541032686365,Artificial
div_and_fold,growth_rate,54,NA,0.00327506991744569,Artificial
fold_then_div,fold_then_div,54,NA,0.016438089759796843,Artificial
fold_then_div,fold_growth,54,NA,0.011311371708862723,Artificial
fold_then_div,division_ratio,54,NA,-0.0033423311007001735,Artificial
fold_then_div,added_length,54,NA,0.015243443635543367,Artificial
fold_then_div,generationtime,54,NA,0.0020230068285339003,Artificial
fold_then_div,length_birth,54,NA,6.154554159997408e-05,Artificial
fold_then_div,length_final,54,NA,0.01196274180388306,Artificial
fold_then_div,growth_rate,54,NA,0.0029849023089013414,Artificial
fold_growth,fold_growth,54,NA,0.01616690867187078,Artificial
fold_growth,division_ratio,54,NA,-0.008385940637291355,Artificial
fold_growth,added_length,54,NA,0.01254697100090148,Artificial
fold_growth,generationtime,54,NA,0.003949691165824277,Artificial
fold_growth,length_birth,54,NA,-0.005320429111466253,Artificial
fold_growth,length_final,54,NA,0.006723676361279147,Artificial
fold_growth,growth_rate,54,NA,0.0032290045315727317,Artificial
division_ratio,division_ratio,54,NA,0.014093548671864584,Artificial
division_ratio,added_length,54,NA,-0.0034543857117169357,Artificial
division_ratio,generationtime,54,NA,-0.002325767493722177,Artificial
division_ratio,length_birth,54,NA,0.004690075411899956,Artificial
division_ratio,length_final,54,NA,2.414417401664896e-05,Artificial
division_ratio,growth_rate,54,NA,-0.0021105074459792216,Artificial
div_then_fold,div_then_fold,54,NA,0.020856765782947637,Artificial
div_then_fold,div_and_fold,54,NA,0.014890847091942539,Artificial
div_then_fold,fold_then_div,54,NA,0.01423258509440625,Artificial
div_then_fold,fold_growth,54,NA,0.015179328998477987,Artificial
div_then_fold,division_ratio,54,NA,-0.005441185205973824,Artificial
div_then_fold,added_length,54,NA,0.014772467498196036,Artificial
div_then_fold,generationtime,54,NA,0.003076469477161189,Artificial
div_then_fold,length_birth,54,NA,-0.0012075511886350289,Artificial
div_then_fold,length_final,54,NA,0.010856339967768623,Artificial
div_then_fold,growth_rate,54,NA,0.0024441289109979245,Artificial
div_and_fold,div_and_fold,54,NA,0.015001162873735254,Artificial
div_and_fold,fold_then_div,54,NA,0.011538991681193758,Artificial
div_and_fold,fold_growth,54,NA,0.014011696355524555,Artificial
div_and_fold,division_ratio,54,NA,-0.0028934336336090636,Artificial
div_and_fold,added_length,54,NA,0.01332873697876225,Artificial
div_and_fold,generationtime,54,NA,0.0031477215621192947,Artificial
div_and_fold,length_birth,54,NA,-0.00327344270776321,Artificial
div_and_fold,length_final,54,NA,0.008525541032686365,Artificial
div_and_fold,growth_rate,54,NA,0.00327506991744569,Artificial
fold_then_div,fold_then_div,54,NA,0.016438089759796843,Artificial
fold_then_div,fold_growth,54,NA,0.011311371708862723,Artificial
fold_then_div,division_ratio,54,NA,-0.0033423311007001735,Artificial
fold_then_div,added_length,54,NA,0.015243443635543367,Artificial
fold_then_div,generationtime,54,NA,0.0020230068285339003,Artificial
fold_then_div,length_birth,54,NA,6.154554159997408e-05,Artificial
fold_then_div,length_final,54,NA,0.01196274180388306,Artificial
fold_then_div,growth_rate,54,NA,0.0029849023089013414,Artificial
fold_growth,fold_growth,54,NA,0.01616690867187078,Artificial
fold_growth,division_ratio,54,NA,-0.008385940637291355,Artificial
fold_growth,added_length,54,NA,0.01254697100090148,Artificial
fold_growth,generationtime,54,NA,0.003949691165824277,Artificial
fold_growth,length_birth,54,NA,-0.005320429111466253,Artificial
fold_growth,length_final,54,NA,0.006723676361279147,Artificial
fold_growth,growth_rate,54,NA,0.0032290045315727317,Artificial
division_ratio,division_ratio,54,NA,0.014093548671864584,Artificial
division_ratio,added_length,54,NA,-0.0034543857117169357,Artificial
division_ratio,generationtime,54,NA,-0.002325767493722177,Artificial
division_ratio,length_birth,54,NA,0.004690075411899956,Artificial
division_ratio,length_final,54,NA,2.414417401664896e-05,Artificial
division_ratio,growth_rate,54,NA,-0.0021105074459792216,Artificial
added_length,added_length,54,NA,0.019573507751171726,Artificial
added_length,generationtime,54,NA,0.002752517492156402,Artificial
added_length,length_birth,54,NA,0.001536279865053818,Artificial
added_length,length_final,54,NA,0.016208181872536177,Artificial
added_length,growth_rate,54,NA,0.002457887154554666,Artificial
div_then_fold,div_then_fold,54,NA,0.020856765782947637,Artificial
div_then_fold,div_and_fold,54,NA,0.014890847091942539,Artificial
div_then_fold,fold_then_div,54,NA,0.01423258509440625,Artificial
div_then_fold,fold_growth,54,NA,0.015179328998477987,Artificial
div_then_fold,division_ratio,54,NA,-0.005441185205973824,Artificial
div_then_fold,added_length,54,NA,0.014772467498196036,Artificial
div_then_fold,generationtime,54,NA,0.003076469477161189,Artificial
div_then_fold,length_birth,54,NA,-0.0012075511886350289,Artificial
div_then_fold,length_final,54,NA,0.010856339967768623,Artificial
div_then_fold,growth_rate,54,NA,0.0024441289109979245,Artificial
div_and_fold,div_and_fold,54,NA,0.015001162873735254,Artificial
div_and_fold,fold_then_div,54,NA,0.011538991681193758,Artificial
div_and_fold,fold_growth,54,NA,0.014011696355524555,Artificial
div_and_fold,division_ratio,54,NA,-0.0028934336336090636,Artificial
div_and_fold,added_length,54,NA,0.01332873697876225,Artificial
div_and_fold,generationtime,54,NA,0.0031477215621192947,Artificial
div_and_fold,length_birth,54,NA,-0.00327344270776321,Artificial
div_and_fold,length_final,54,NA,0.008525541032686365,Artificial
div_and_fold,growth_rate,54,NA,0.00327506991744569,Artificial
fold_then_div,fold_then_div,54,NA,0.016438089759796843,Artificial
fold_then_div,fold_growth,54,NA,0.011311371708862723,Artificial
fold_then_div,division_ratio,54,NA,-0.0033423311007001735,Artificial
fold_then_div,added_length,54,NA,0.015243443635543367,Artificial
fold_then_div,generationtime,54,NA,0.0020230068285339003,Artificial
fold_then_div,length_birth,54,NA,6.154554159997408e-05,Artificial
fold_then_div,length_final,54,NA,0.01196274180388306,Artificial
fold_then_div,growth_rate,54,NA,0.0029849023089013414,Artificial
fold_growth,fold_growth,54,NA,0.01616690867187078,Artificial
fold_growth,division_ratio,54,NA,-0.008385940637291355,Artificial
fold_growth,added_length,54,NA,0.01254697100090148,Artificial
fold_growth,generationtime,54,NA,0.003949691165824277,Artificial
fold_growth,length_birth,54,NA,-0.005320429111466253,Artificial
fold_growth,length_final,54,NA,0.006723676361279147,Artificial
fold_growth,growth_rate,54,NA,0.0032290045315727317,Artificial
division_ratio,division_ratio,54,NA,0.014093548671864584,Artificial
division_ratio,added_length,54,NA,-0.0034543857117169357,Artificial
division_ratio,generationtime,54,NA,-0.002325767493722177,Artificial
division_ratio,length_birth,54,NA,0.004690075411899956,Artificial
division_ratio,length_final,54,NA,2.414417401664896e-05,Artificial
division_ratio,growth_rate,54,NA,-0.0021105074459792216,Artificial
added_length,added_length,54,NA,0.019573507751171726,Artificial
added_length,generationtime,54,NA,0.002752517492156402,Artificial
added_length,length_birth,54,NA,0.001536279865053818,Artificial
added_length,length_final,54,NA,0.016208181872536177,Artificial
added_length,growth_rate,54,NA,0.002457887154554666,Artificial
generationtime,generationtime,54,NA,0.007276068593029204,Artificial
generationtime,length_birth,54,NA,-0.0011152271992847036,Artificial
generationtime,length_final,54,NA,0.001505227403179257,Artificial
generationtime,growth_rate,54,NA,-0.003719437425941864,Artificial
div_then_fold,div_then_fold,54,NA,0.020856765782947637,Artificial
div_then_fold,div_and_fold,54,NA,0.014890847091942539,Artificial
div_then_fold,fold_then_div,54,NA,0.01423258509440625,Artificial
div_then_fold,fold_growth,54,NA,0.015179328998477987,Artificial
div_then_fold,division_ratio,54,NA,-0.005441185205973824,Artificial
div_then_fold,added_length,54,NA,0.014772467498196036,Artificial
div_then_fold,generationtime,54,NA,0.003076469477161189,Artificial
div_then_fold,length_birth,54,NA,-0.0012075511886350289,Artificial
div_then_fold,length_final,54,NA,0.010856339967768623,Artificial
div_then_fold,growth_rate,54,NA,0.0024441289109979245,Artificial
div_and_fold,div_and_fold,54,NA,0.015001162873735254,Artificial
div_and_fold,fold_then_div,54,NA,0.011538991681193758,Artificial
div_and_fold,fold_growth,54,NA,0.014011696355524555,Artificial
div_and_fold,division_ratio,54,NA,-0.0028934336336090636,Artificial
div_and_fold,added_length,54,NA,0.01332873697876225,Artificial
div_and_fold,generationtime,54,NA,0.0031477215621192947,Artificial
div_and_fold,length_birth,54,NA,-0.00327344270776321,Artificial
div_and_fold,length_final,54,NA,0.008525541032686365,Artificial
div_and_fold,growth_rate,54,NA,0.00327506991744569,Artificial
fold_then_div,fold_then_div,54,NA,0.016438089759796843,Artificial
fold_then_div,fold_growth,54,NA,0.011311371708862723,Artificial
fold_then_div,division_ratio,54,NA,-0.0033423311007001735,Artificial
fold_then_div,added_length,54,NA,0.015243443635543367,Artificial
fold_then_div,generationtime,54,NA,0.0020230068285339003,Artificial
fold_then_div,length_birth,54,NA,6.154554159997408e-05,Artificial
fold_then_div,length_final,54,NA,0.01196274180388306,Artificial
fold_then_div,growth_rate,54,NA,0.0029849023089013414,Artificial
fold_growth,fold_growth,54,NA,0.01616690867187078,Artificial
fold_growth,division_ratio,54,NA,-0.008385940637291355,Artificial
fold_growth,added_length,54,NA,0.01254697100090148,Artificial
fold_growth,generationtime,54,NA,0.003949691165824277,Artificial
fold_growth,length_birth,54,NA,-0.005320429111466253,Artificial
fold_growth,length_final,54,NA,0.006723676361279147,Artificial
fold_growth,growth_rate,54,NA,0.0032290045315727317,Artificial
division_ratio,division_ratio,54,NA,0.014093548671864584,Artificial
division_ratio,added_length,54,NA,-0.0034543857117169357,Artificial
division_ratio,generationtime,54,NA,-0.002325767493722177,Artificial
division_ratio,length_birth,54,NA,0.004690075411899956,Artificial
division_ratio,length_final,54,NA,2.414417401664896e-05,Artificial
division_ratio,growth_rate,54,NA,-0.0021105074459792216,Artificial
added_length,added_length,54,NA,0.019573507751171726,Artificial
added_length,generationtime,54,NA,0.002752517492156402,Artificial
added_length,length_birth,54,NA,0.001536279865053818,Artificial
added_length,length_final,54,NA,0.016208181872536177,Artificial
added_length,growth_rate,54,NA,0.002457887154554666,Artificial
generationtime,generationtime,54,NA,0.007276068593029204,Artificial
generationtime,length_birth,54,NA,-0.0011152271992847036,Artificial
generationtime,length_final,54,NA,0.001505227403179257,Artificial
generationtime,growth_rate,54,NA,-0.003719437425941864,Artificial
length_birth,length_birth,54,NA,0.01158376574672038,Artificial
length_birth,length_final,54,NA,0.007937221245225612,Artificial
length_birth,growth_rate,54,NA,-0.002940043391042098,Artificial
div_then_fold,div_then_fold,54,NA,0.020856765782947637,Artificial
div_then_fold,div_and_fold,54,NA,0.014890847091942539,Artificial
div_then_fold,fold_then_div,54,NA,0.01423258509440625,Artificial
div_then_fold,fold_growth,54,NA,0.015179328998477987,Artificial
div_then_fold,division_ratio,54,NA,-0.005441185205973824,Artificial
div_then_fold,added_length,54,NA,0.014772467498196036,Artificial
div_then_fold,generationtime,54,NA,0.003076469477161189,Artificial
div_then_fold,length_birth,54,NA,-0.0012075511886350289,Artificial
div_then_fold,length_final,54,NA,0.010856339967768623,Artificial
div_then_fold,growth_rate,54,NA,0.0024441289109979245,Artificial
div_and_fold,div_and_fold,54,NA,0.015001162873735254,Artificial
div_and_fold,fold_then_div,54,NA,0.011538991681193758,Artificial
div_and_fold,fold_growth,54,NA,0.014011696355524555,Artificial
div_and_fold,division_ratio,54,NA,-0.0028934336336090636,Artificial
div_and_fold,added_length,54,NA,0.01332873697876225,Artificial
div_and_fold,generationtime,54,NA,0.0031477215621192947,Artificial
div_and_fold,length_birth,54,NA,-0.00327344270776321,Artificial
div_and_fold,length_final,54,NA,0.008525541032686365,Artificial
div_and_fold,growth_rate,54,NA,0.00327506991744569,Artificial
fold_then_div,fold_then_div,54,NA,0.016438089759796843,Artificial
fold_then_div,fold_growth,54,NA,0.011311371708862723,Artificial
fold_then_div,division_ratio,54,NA,-0.0033423311007001735,Artificial
fold_then_div,added_length,54,NA,0.015243443635543367,Artificial
fold_then_div,generationtime,54,NA,0.0020230068285339003,Artificial
fold_then_div,length_birth,54,NA,6.154554159997408e-05,Artificial
fold_then_div,length_final,54,NA,0.01196274180388306,Artificial
fold_then_div,growth_rate,54,NA,0.0029849023089013414,Artificial
fold_growth,fold_growth,54,NA,0.01616690867187078,Artificial
fold_growth,division_ratio,54,NA,-0.008385940637291355,Artificial
fold_growth,added_length,54,NA,0.01254697100090148,Artificial
fold_growth,generationtime,54,NA,0.003949691165824277,Artificial
fold_growth,length_birth,54,NA,-0.005320429111466253,Artificial
fold_growth,length_final,54,NA,0.006723676361279147,Artificial
fold_growth,growth_rate,54,NA,0.0032290045315727317,Artificial
division_ratio,division_ratio,54,NA,0.014093548671864584,Artificial
division_ratio,added_length,54,NA,-0.0034543857117169357,Artificial
division_ratio,generationtime,54,NA,-0.002325767493722177,Artificial
division_ratio,length_birth,54,NA,0.004690075411899956,Artificial
division_ratio,length_final,54,NA,2.414417401664896e-05,Artificial
division_ratio,growth_rate,54,NA,-0.0021105074459792216,Artificial
added_length,added_length,54,NA,0.019573507751171726,Artificial
added_length,generationtime,54,NA,0.002752517492156402,Artificial
added_length,length_birth,54,NA,0.001536279865053818,Artificial
added_length,length_final,54,NA,0.016208181872536177,Artificial
added_length,growth_rate,54,NA,0.002457887154554666,Artificial
generationtime,generationtime,54,NA,0.007276068593029204,Artificial
generationtime,length_birth,54,NA,-0.0011152271992847036,Artificial
generationtime,length_final,54,NA,0.001505227403179257,Artificial
generationtime,growth_rate,54,NA,-0.003719437425941864,Artificial
length_birth,length_birth,54,NA,0.01158376574672038,Artificial
length_birth,length_final,54,NA,0.007937221245225612,Artificial
length_birth,growth_rate,54,NA,-0.002940043391042098,Artificial
length_final,length_final,54,NA,0.01729676370089003,Artificial
length_final,growth_rate,54,NA,0.0002136903689686591,Artificial
div_then_fold,div_then_fold,54,NA,0.020856765782947637,Artificial
div_then_fold,div_and_fold,54,NA,0.014890847091942539,Artificial
div_then_fold,fold_then_div,54,NA,0.01423258509440625,Artificial
div_then_fold,fold_growth,54,NA,0.015179328998477987,Artificial
div_then_fold,division_ratio,54,NA,-0.005441185205973824,Artificial
div_then_fold,added_length,54,NA,0.014772467498196036,Artificial
div_then_fold,generationtime,54,NA,0.003076469477161189,Artificial
div_then_fold,length_birth,54,NA,-0.0012075511886350289,Artificial
div_then_fold,length_final,54,NA,0.010856339967768623,Artificial
div_then_fold,growth_rate,54,NA,0.0024441289109979245,Artificial
div_and_fold,div_and_fold,54,NA,0.015001162873735254,Artificial
div_and_fold,fold_then_div,54,NA,0.011538991681193758,Artificial
div_and_fold,fold_growth,54,NA,0.014011696355524555,Artificial
div_and_fold,division_ratio,54,NA,-0.0028934336336090636,Artificial
div_and_fold,added_length,54,NA,0.01332873697876225,Artificial
div_and_fold,generationtime,54,NA,0.0031477215621192947,Artificial
div_and_fold,length_birth,54,NA,-0.00327344270776321,Artificial
div_and_fold,length_final,54,NA,0.008525541032686365,Artificial
div_and_fold,growth_rate,54,NA,0.00327506991744569,Artificial
fold_then_div,fold_then_div,54,NA,0.016438089759796843,Artificial
fold_then_div,fold_growth,54,NA,0.011311371708862723,Artificial
fold_then_div,division_ratio,54,NA,-0.0033423311007001735,Artificial
fold_then_div,added_length,54,NA,0.015243443635543367,Artificial
fold_then_div,generationtime,54,NA,0.0020230068285339003,Artificial
fold_then_div,length_birth,54,NA,6.154554159997408e-05,Artificial
fold_then_div,length_final,54,NA,0.01196274180388306,Artificial
fold_then_div,growth_rate,54,NA,0.0029849023089013414,Artificial
fold_growth,fold_growth,54,NA,0.01616690867187078,Artificial
fold_growth,division_ratio,54,NA,-0.008385940637291355,Artificial
fold_growth,added_length,54,NA,0.01254697100090148,Artificial
fold_growth,generationtime,54,NA,0.003949691165824277,Artificial
fold_growth,length_birth,54,NA,-0.005320429111466253,Artificial
fold_growth,length_final,54,NA,0.006723676361279147,Artificial
fold_growth,growth_rate,54,NA,0.0032290045315727317,Artificial
division_ratio,division_ratio,54,NA,0.014093548671864584,Artificial
division_ratio,added_length,54,NA,-0.0034543857117169357,Artificial
division_ratio,generationtime,54,NA,-0.002325767493722177,Artificial
division_ratio,length_birth,54,NA,0.004690075411899956,Artificial
division_ratio,length_final,54,NA,2.414417401664896e-05,Artificial
division_ratio,growth_rate,54,NA,-0.0021105074459792216,Artificial
added_length,added_length,54,NA,0.019573507751171726,Artificial
added_length,generationtime,54,NA,0.002752517492156402,Artificial
added_length,length_birth,54,NA,0.001536279865053818,Artificial
added_length,length_final,54,NA,0.016208181872536177,Artificial
added_length,growth_rate,54,NA,0.002457887154554666,Artificial
generationtime,generationtime,54,NA,0.007276068593029204,Artificial
generationtime,length_birth,54,NA,-0.0011152271992847036,Artificial
generationtime,length_final,54,NA,0.001505227403179257,Artificial
generationtime,growth_rate,54,NA,-0.003719437425941864,Artificial
length_birth,length_birth,54,NA,0.01158376574672038,Artificial
length_birth,length_final,54,NA,0.007937221245225612,Artificial
length_birth,growth_rate,54,NA,-0.002940043391042098,Artificial
length_final,length_final,54,NA,0.01729676370089003,Artificial
length_final,growth_rate,54,NA,0.0002136903689686591,Artificial
growth_rate,growth_rate,54,NA,0.01371741325070534,Artificial
div_then_fold,div_then_fold,53,NA,0.0033890036089835175,Shuffled
div_then_fold,div_and_fold,53,NA,0.001149522817208215,Shuffled
div_then_fold,fold_then_div,53,NA,0.004350668960102879,Shuffled
div_then_fold,fold_growth,53,NA,0.003437406479088586,Shuffled
div_then_fold,division_ratio,53,NA,-0.0020133484160098193,Shuffled
div_then_fold,added_length,53,NA,0.009545244919000403,Shuffled
div_then_fold,generationtime,53,NA,0.0030690228591223187,Shuffled
div_then_fold,length_birth,53,NA,0.009405068117495061,Shuffled
div_then_fold,length_final,53,NA,0.012936924021666291,Shuffled
div_then_fold,growth_rate,53,NA,-0.002248075114920221,Shuffled
div_then_fold,div_then_fold,53,NA,0.0033890036089835175,Shuffled
div_then_fold,div_and_fold,53,NA,0.001149522817208215,Shuffled
div_then_fold,fold_then_div,53,NA,0.004350668960102879,Shuffled
div_then_fold,fold_growth,53,NA,0.003437406479088586,Shuffled
div_then_fold,division_ratio,53,NA,-0.0020133484160098193,Shuffled
div_then_fold,added_length,53,NA,0.009545244919000403,Shuffled
div_then_fold,generationtime,53,NA,0.0030690228591223187,Shuffled
div_then_fold,length_birth,53,NA,0.009405068117495061,Shuffled
div_then_fold,length_final,53,NA,0.012936924021666291,Shuffled
div_then_fold,growth_rate,53,NA,-0.002248075114920221,Shuffled
div_and_fold,div_and_fold,54,NA,0.01061046785429677,Shuffled
div_and_fold,fold_then_div,54,NA,-0.0016819809171364092,Shuffled
div_and_fold,fold_growth,54,NA,0.021559988684492267,Shuffled
div_and_fold,division_ratio,54,NA,-0.037136899054427165,Shuffled
div_and_fold,added_length,54,NA,0.0071544953332612,Shuffled
div_and_fold,generationtime,54,NA,0.02085122465917879,Shuffled
div_and_fold,length_birth,54,NA,-0.019519901162631758,Shuffled
div_and_fold,length_final,54,NA,-0.005751614320195022,Shuffled
div_and_fold,growth_rate,54,NA,-0.0409216021227371,Shuffled
div_then_fold,div_then_fold,53,NA,0.0033890036089835175,Shuffled
div_then_fold,div_and_fold,53,NA,0.001149522817208215,Shuffled
div_then_fold,fold_then_div,53,NA,0.004350668960102879,Shuffled
div_then_fold,fold_growth,53,NA,0.003437406479088586,Shuffled
div_then_fold,division_ratio,53,NA,-0.0020133484160098193,Shuffled
div_then_fold,added_length,53,NA,0.009545244919000403,Shuffled
div_then_fold,generationtime,53,NA,0.0030690228591223187,Shuffled
div_then_fold,length_birth,53,NA,0.009405068117495061,Shuffled
div_then_fold,length_final,53,NA,0.012936924021666291,Shuffled
div_then_fold,growth_rate,53,NA,-0.002248075114920221,Shuffled
div_and_fold,div_and_fold,54,NA,0.01061046785429677,Shuffled
div_and_fold,fold_then_div,54,NA,-0.0016819809171364092,Shuffled
div_and_fold,fold_growth,54,NA,0.021559988684492267,Shuffled
div_and_fold,division_ratio,54,NA,-0.037136899054427165,Shuffled
div_and_fold,added_length,54,NA,0.0071544953332612,Shuffled
div_and_fold,generationtime,54,NA,0.02085122465917879,Shuffled
div_and_fold,length_birth,54,NA,-0.019519901162631758,Shuffled
div_and_fold,length_final,54,NA,-0.005751614320195022,Shuffled
div_and_fold,growth_rate,54,NA,-0.0409216021227371,Shuffled
fold_then_div,fold_then_div,54,NA,0.010056473974832435,Shuffled
fold_then_div,fold_growth,54,NA,-0.0010657954592584338,Shuffled
fold_then_div,division_ratio,54,NA,0.008166380622507836,Shuffled
fold_then_div,added_length,54,NA,0.01348962187185962,Shuffled
fold_then_div,generationtime,54,NA,-0.00011740565409609283,Shuffled
fold_then_div,length_birth,54,NA,0.023000490940389737,Shuffled
fold_then_div,length_final,54,NA,0.02392796169750669,Shuffled
fold_then_div,growth_rate,54,NA,0.0038290788199852716,Shuffled
div_then_fold,div_then_fold,53,NA,0.0033890036089835175,Shuffled
div_then_fold,div_and_fold,53,NA,0.001149522817208215,Shuffled
div_then_fold,fold_then_div,53,NA,0.004350668960102879,Shuffled
div_then_fold,fold_growth,53,NA,0.003437406479088586,Shuffled
div_then_fold,division_ratio,53,NA,-0.0020133484160098193,Shuffled
div_then_fold,added_length,53,NA,0.009545244919000403,Shuffled
div_then_fold,generationtime,53,NA,0.0030690228591223187,Shuffled
div_then_fold,length_birth,53,NA,0.009405068117495061,Shuffled
div_then_fold,length_final,53,NA,0.012936924021666291,Shuffled
div_then_fold,growth_rate,53,NA,-0.002248075114920221,Shuffled
div_and_fold,div_and_fold,54,NA,0.01061046785429677,Shuffled
div_and_fold,fold_then_div,54,NA,-0.0016819809171364092,Shuffled
div_and_fold,fold_growth,54,NA,0.021559988684492267,Shuffled
div_and_fold,division_ratio,54,NA,-0.037136899054427165,Shuffled
div_and_fold,added_length,54,NA,0.0071544953332612,Shuffled
div_and_fold,generationtime,54,NA,0.02085122465917879,Shuffled
div_and_fold,length_birth,54,NA,-0.019519901162631758,Shuffled
div_and_fold,length_final,54,NA,-0.005751614320195022,Shuffled
div_and_fold,growth_rate,54,NA,-0.0409216021227371,Shuffled
fold_then_div,fold_then_div,54,NA,0.010056473974832435,Shuffled
fold_then_div,fold_growth,54,NA,-0.0010657954592584338,Shuffled
fold_then_div,division_ratio,54,NA,0.008166380622507836,Shuffled
fold_then_div,added_length,54,NA,0.01348962187185962,Shuffled
fold_then_div,generationtime,54,NA,-0.00011740565409609283,Shuffled
fold_then_div,length_birth,54,NA,0.023000490940389737,Shuffled
fold_then_div,length_final,54,NA,0.02392796169750669,Shuffled
fold_then_div,growth_rate,54,NA,0.0038290788199852716,Shuffled
fold_growth,fold_growth,54,NA,0.05217528459862022,Shuffled
fold_growth,division_ratio,54,NA,-0.09198368287879113,Shuffled
fold_growth,added_length,54,NA,0.017712904085218858,Shuffled
fold_growth,generationtime,54,NA,0.052260988322371804,Shuffled
fold_growth,length_birth,54,NA,-0.04413924457107411,Shuffled
fold_growth,length_final,54,NA,-0.01180488344588005,Shuffled
fold_growth,growth_rate,54,NA,-0.10111080548243365,Shuffled
div_then_fold,div_then_fold,53,NA,0.0033890036089835175,Shuffled
div_then_fold,div_and_fold,53,NA,0.001149522817208215,Shuffled
div_then_fold,fold_then_div,53,NA,0.004350668960102879,Shuffled
div_then_fold,fold_growth,53,NA,0.003437406479088586,Shuffled
div_then_fold,division_ratio,53,NA,-0.0020133484160098193,Shuffled
div_then_fold,added_length,53,NA,0.009545244919000403,Shuffled
div_then_fold,generationtime,53,NA,0.0030690228591223187,Shuffled
div_then_fold,length_birth,53,NA,0.009405068117495061,Shuffled
div_then_fold,length_final,53,NA,0.012936924021666291,Shuffled
div_then_fold,growth_rate,53,NA,-0.002248075114920221,Shuffled
div_and_fold,div_and_fold,54,NA,0.01061046785429677,Shuffled
div_and_fold,fold_then_div,54,NA,-0.0016819809171364092,Shuffled
div_and_fold,fold_growth,54,NA,0.021559988684492267,Shuffled
div_and_fold,division_ratio,54,NA,-0.037136899054427165,Shuffled
div_and_fold,added_length,54,NA,0.0071544953332612,Shuffled
div_and_fold,generationtime,54,NA,0.02085122465917879,Shuffled
div_and_fold,length_birth,54,NA,-0.019519901162631758,Shuffled
div_and_fold,length_final,54,NA,-0.005751614320195022,Shuffled
div_and_fold,growth_rate,54,NA,-0.0409216021227371,Shuffled
fold_then_div,fold_then_div,54,NA,0.010056473974832435,Shuffled
fold_then_div,fold_growth,54,NA,-0.0010657954592584338,Shuffled
fold_then_div,division_ratio,54,NA,0.008166380622507836,Shuffled
fold_then_div,added_length,54,NA,0.01348962187185962,Shuffled
fold_then_div,generationtime,54,NA,-0.00011740565409609283,Shuffled
fold_then_div,length_birth,54,NA,0.023000490940389737,Shuffled
fold_then_div,length_final,54,NA,0.02392796169750669,Shuffled
fold_then_div,growth_rate,54,NA,0.0038290788199852716,Shuffled
fold_growth,fold_growth,54,NA,0.05217528459862022,Shuffled
fold_growth,division_ratio,54,NA,-0.09198368287879113,Shuffled
fold_growth,added_length,54,NA,0.017712904085218858,Shuffled
fold_growth,generationtime,54,NA,0.052260988322371804,Shuffled
fold_growth,length_birth,54,NA,-0.04413924457107411,Shuffled
fold_growth,length_final,54,NA,-0.01180488344588005,Shuffled
fold_growth,growth_rate,54,NA,-0.10111080548243365,Shuffled
division_ratio,division_ratio,54,NA,0.17194035546152311,Shuffled
division_ratio,added_length,54,NA,-0.016572343057245625,Shuffled
division_ratio,generationtime,54,NA,-0.09735346862016936,Shuffled
division_ratio,length_birth,54,NA,0.09901150765201144,Shuffled
division_ratio,length_final,54,NA,0.04460185423979723,Shuffled
division_ratio,growth_rate,54,NA,0.19647762120587156,Shuffled
div_then_fold,div_then_fold,53,NA,0.0033890036089835175,Shuffled
div_then_fold,div_and_fold,53,NA,0.001149522817208215,Shuffled
div_then_fold,fold_then_div,53,NA,0.004350668960102879,Shuffled
div_then_fold,fold_growth,53,NA,0.003437406479088586,Shuffled
div_then_fold,division_ratio,53,NA,-0.0020133484160098193,Shuffled
div_then_fold,added_length,53,NA,0.009545244919000403,Shuffled
div_then_fold,generationtime,53,NA,0.0030690228591223187,Shuffled
div_then_fold,length_birth,53,NA,0.009405068117495061,Shuffled
div_then_fold,length_final,53,NA,0.012936924021666291,Shuffled
div_then_fold,growth_rate,53,NA,-0.002248075114920221,Shuffled
div_and_fold,div_and_fold,54,NA,0.01061046785429677,Shuffled
div_and_fold,fold_then_div,54,NA,-0.0016819809171364092,Shuffled
div_and_fold,fold_growth,54,NA,0.021559988684492267,Shuffled
div_and_fold,division_ratio,54,NA,-0.037136899054427165,Shuffled
div_and_fold,added_length,54,NA,0.0071544953332612,Shuffled
div_and_fold,generationtime,54,NA,0.02085122465917879,Shuffled
div_and_fold,length_birth,54,NA,-0.019519901162631758,Shuffled
div_and_fold,length_final,54,NA,-0.005751614320195022,Shuffled
div_and_fold,growth_rate,54,NA,-0.0409216021227371,Shuffled
fold_then_div,fold_then_div,54,NA,0.010056473974832435,Shuffled
fold_then_div,fold_growth,54,NA,-0.0010657954592584338,Shuffled
fold_then_div,division_ratio,54,NA,0.008166380622507836,Shuffled
fold_then_div,added_length,54,NA,0.01348962187185962,Shuffled
fold_then_div,generationtime,54,NA,-0.00011740565409609283,Shuffled
fold_then_div,length_birth,54,NA,0.023000490940389737,Shuffled
fold_then_div,length_final,54,NA,0.02392796169750669,Shuffled
fold_then_div,growth_rate,54,NA,0.0038290788199852716,Shuffled
fold_growth,fold_growth,54,NA,0.05217528459862022,Shuffled
fold_growth,division_ratio,54,NA,-0.09198368287879113,Shuffled
fold_growth,added_length,54,NA,0.017712904085218858,Shuffled
fold_growth,generationtime,54,NA,0.052260988322371804,Shuffled
fold_growth,length_birth,54,NA,-0.04413924457107411,Shuffled
fold_growth,length_final,54,NA,-0.01180488344588005,Shuffled
fold_growth,growth_rate,54,NA,-0.10111080548243365,Shuffled
division_ratio,division_ratio,54,NA,0.17194035546152311,Shuffled
division_ratio,added_length,54,NA,-0.016572343057245625,Shuffled
division_ratio,generationtime,54,NA,-0.09735346862016936,Shuffled
division_ratio,length_birth,54,NA,0.09901150765201144,Shuffled
division_ratio,length_final,54,NA,0.04460185423979723,Shuffled
division_ratio,growth_rate,54,NA,0.19647762120587156,Shuffled
added_length,added_length,53,NA,0.07397681455249772,Shuffled
added_length,generationtime,53,NA,0.02158568433524331,Shuffled
added_length,length_birth,53,NA,0.0871120186628276,Shuffled
added_length,length_final,53,NA,0.10853164849981012,Shuffled
added_length,growth_rate,53,NA,-0.01895723363681548,Shuffled
div_then_fold,div_then_fold,53,NA,0.0033890036089835175,Shuffled
div_then_fold,div_and_fold,53,NA,0.001149522817208215,Shuffled
div_then_fold,fold_then_div,53,NA,0.004350668960102879,Shuffled
div_then_fold,fold_growth,53,NA,0.003437406479088586,Shuffled
div_then_fold,division_ratio,53,NA,-0.0020133484160098193,Shuffled
div_then_fold,added_length,53,NA,0.009545244919000403,Shuffled
div_then_fold,generationtime,53,NA,0.0030690228591223187,Shuffled
div_then_fold,length_birth,53,NA,0.009405068117495061,Shuffled
div_then_fold,length_final,53,NA,0.012936924021666291,Shuffled
div_then_fold,growth_rate,53,NA,-0.002248075114920221,Shuffled
div_and_fold,div_and_fold,54,NA,0.01061046785429677,Shuffled
div_and_fold,fold_then_div,54,NA,-0.0016819809171364092,Shuffled
div_and_fold,fold_growth,54,NA,0.021559988684492267,Shuffled
div_and_fold,division_ratio,54,NA,-0.037136899054427165,Shuffled
div_and_fold,added_length,54,NA,0.0071544953332612,Shuffled
div_and_fold,generationtime,54,NA,0.02085122465917879,Shuffled
div_and_fold,length_birth,54,NA,-0.019519901162631758,Shuffled
div_and_fold,length_final,54,NA,-0.005751614320195022,Shuffled
div_and_fold,growth_rate,54,NA,-0.0409216021227371,Shuffled
fold_then_div,fold_then_div,54,NA,0.010056473974832435,Shuffled
fold_then_div,fold_growth,54,NA,-0.0010657954592584338,Shuffled
fold_then_div,division_ratio,54,NA,0.008166380622507836,Shuffled
fold_then_div,added_length,54,NA,0.01348962187185962,Shuffled
fold_then_div,generationtime,54,NA,-0.00011740565409609283,Shuffled
fold_then_div,length_birth,54,NA,0.023000490940389737,Shuffled
fold_then_div,length_final,54,NA,0.02392796169750669,Shuffled
fold_then_div,growth_rate,54,NA,0.0038290788199852716,Shuffled
fold_growth,fold_growth,54,NA,0.05217528459862022,Shuffled
fold_growth,division_ratio,54,NA,-0.09198368287879113,Shuffled
fold_growth,added_length,54,NA,0.017712904085218858,Shuffled
fold_growth,generationtime,54,NA,0.052260988322371804,Shuffled
fold_growth,length_birth,54,NA,-0.04413924457107411,Shuffled
fold_growth,length_final,54,NA,-0.01180488344588005,Shuffled
fold_growth,growth_rate,54,NA,-0.10111080548243365,Shuffled
division_ratio,division_ratio,54,NA,0.17194035546152311,Shuffled
division_ratio,added_length,54,NA,-0.016572343057245625,Shuffled
division_ratio,generationtime,54,NA,-0.09735346862016936,Shuffled
division_ratio,length_birth,54,NA,0.09901150765201144,Shuffled
division_ratio,length_final,54,NA,0.04460185423979723,Shuffled
division_ratio,growth_rate,54,NA,0.19647762120587156,Shuffled
added_length,added_length,53,NA,0.07397681455249772,Shuffled
added_length,generationtime,53,NA,0.02158568433524331,Shuffled
added_length,length_birth,53,NA,0.0871120186628276,Shuffled
added_length,length_final,53,NA,0.10853164849981012,Shuffled
added_length,growth_rate,53,NA,-0.01895723363681548,Shuffled
generationtime,generationtime,53,NA,0.13225009319132988,Shuffled
generationtime,length_birth,53,NA,-0.04195236308364221,Shuffled
generationtime,length_final,53,NA,-0.007503170824331924,Shuffled
generationtime,growth_rate,53,NA,-0.2676241879733671,Shuffled
div_then_fold,div_then_fold,53,NA,0.0033890036089835175,Shuffled
div_then_fold,div_and_fold,53,NA,0.001149522817208215,Shuffled
div_then_fold,fold_then_div,53,NA,0.004350668960102879,Shuffled
div_then_fold,fold_growth,53,NA,0.003437406479088586,Shuffled
div_then_fold,division_ratio,53,NA,-0.0020133484160098193,Shuffled
div_then_fold,added_length,53,NA,0.009545244919000403,Shuffled
div_then_fold,generationtime,53,NA,0.0030690228591223187,Shuffled
div_then_fold,length_birth,53,NA,0.009405068117495061,Shuffled
div_then_fold,length_final,53,NA,0.012936924021666291,Shuffled
div_then_fold,growth_rate,53,NA,-0.002248075114920221,Shuffled
div_and_fold,div_and_fold,54,NA,0.01061046785429677,Shuffled
div_and_fold,fold_then_div,54,NA,-0.0016819809171364092,Shuffled
div_and_fold,fold_growth,54,NA,0.021559988684492267,Shuffled
div_and_fold,division_ratio,54,NA,-0.037136899054427165,Shuffled
div_and_fold,added_length,54,NA,0.0071544953332612,Shuffled
div_and_fold,generationtime,54,NA,0.02085122465917879,Shuffled
div_and_fold,length_birth,54,NA,-0.019519901162631758,Shuffled
div_and_fold,length_final,54,NA,-0.005751614320195022,Shuffled
div_and_fold,growth_rate,54,NA,-0.0409216021227371,Shuffled
fold_then_div,fold_then_div,54,NA,0.010056473974832435,Shuffled
fold_then_div,fold_growth,54,NA,-0.0010657954592584338,Shuffled
fold_then_div,division_ratio,54,NA,0.008166380622507836,Shuffled
fold_then_div,added_length,54,NA,0.01348962187185962,Shuffled
fold_then_div,generationtime,54,NA,-0.00011740565409609283,Shuffled
fold_then_div,length_birth,54,NA,0.023000490940389737,Shuffled
fold_then_div,length_final,54,NA,0.02392796169750669,Shuffled
fold_then_div,growth_rate,54,NA,0.0038290788199852716,Shuffled
fold_growth,fold_growth,54,NA,0.05217528459862022,Shuffled
fold_growth,division_ratio,54,NA,-0.09198368287879113,Shuffled
fold_growth,added_length,54,NA,0.017712904085218858,Shuffled
fold_growth,generationtime,54,NA,0.052260988322371804,Shuffled
fold_growth,length_birth,54,NA,-0.04413924457107411,Shuffled
fold_growth,length_final,54,NA,-0.01180488344588005,Shuffled
fold_growth,growth_rate,54,NA,-0.10111080548243365,Shuffled
division_ratio,division_ratio,54,NA,0.17194035546152311,Shuffled
division_ratio,added_length,54,NA,-0.016572343057245625,Shuffled
division_ratio,generationtime,54,NA,-0.09735346862016936,Shuffled
division_ratio,length_birth,54,NA,0.09901150765201144,Shuffled
division_ratio,length_final,54,NA,0.04460185423979723,Shuffled
division_ratio,growth_rate,54,NA,0.19647762120587156,Shuffled
added_length,added_length,53,NA,0.07397681455249772,Shuffled
added_length,generationtime,53,NA,0.02158568433524331,Shuffled
added_length,length_birth,53,NA,0.0871120186628276,Shuffled
added_length,length_final,53,NA,0.10853164849981012,Shuffled
added_length,growth_rate,53,NA,-0.01895723363681548,Shuffled
generationtime,generationtime,53,NA,0.13225009319132988,Shuffled
generationtime,length_birth,53,NA,-0.04195236308364221,Shuffled
generationtime,length_final,53,NA,-0.007503170824331924,Shuffled
generationtime,growth_rate,53,NA,-0.2676241879733671,Shuffled
length_birth,length_birth,53,NA,0.19635177103632018,Shuffled
length_birth,length_final,53,NA,0.1823246782930462,Shuffled
length_birth,growth_rate,53,NA,0.1153274717957477,Shuffled
div_then_fold,div_then_fold,53,NA,0.0033890036089835175,Shuffled
div_then_fold,div_and_fold,53,NA,0.001149522817208215,Shuffled
div_then_fold,fold_then_div,53,NA,0.004350668960102879,Shuffled
div_then_fold,fold_growth,53,NA,0.003437406479088586,Shuffled
div_then_fold,division_ratio,53,NA,-0.0020133484160098193,Shuffled
div_then_fold,added_length,53,NA,0.009545244919000403,Shuffled
div_then_fold,generationtime,53,NA,0.0030690228591223187,Shuffled
div_then_fold,length_birth,53,NA,0.009405068117495061,Shuffled
div_then_fold,length_final,53,NA,0.012936924021666291,Shuffled
div_then_fold,growth_rate,53,NA,-0.002248075114920221,Shuffled
div_and_fold,div_and_fold,54,NA,0.01061046785429677,Shuffled
div_and_fold,fold_then_div,54,NA,-0.0016819809171364092,Shuffled
div_and_fold,fold_growth,54,NA,0.021559988684492267,Shuffled
div_and_fold,division_ratio,54,NA,-0.037136899054427165,Shuffled
div_and_fold,added_length,54,NA,0.0071544953332612,Shuffled
div_and_fold,generationtime,54,NA,0.02085122465917879,Shuffled
div_and_fold,length_birth,54,NA,-0.019519901162631758,Shuffled
div_and_fold,length_final,54,NA,-0.005751614320195022,Shuffled
div_and_fold,growth_rate,54,NA,-0.0409216021227371,Shuffled
fold_then_div,fold_then_div,54,NA,0.010056473974832435,Shuffled
fold_then_div,fold_growth,54,NA,-0.0010657954592584338,Shuffled
fold_then_div,division_ratio,54,NA,0.008166380622507836,Shuffled
fold_then_div,added_length,54,NA,0.01348962187185962,Shuffled
fold_then_div,generationtime,54,NA,-0.00011740565409609283,Shuffled
fold_then_div,length_birth,54,NA,0.023000490940389737,Shuffled
fold_then_div,length_final,54,NA,0.02392796169750669,Shuffled
fold_then_div,growth_rate,54,NA,0.0038290788199852716,Shuffled
fold_growth,fold_growth,54,NA,0.05217528459862022,Shuffled
fold_growth,division_ratio,54,NA,-0.09198368287879113,Shuffled
fold_growth,added_length,54,NA,0.017712904085218858,Shuffled
fold_growth,generationtime,54,NA,0.052260988322371804,Shuffled
fold_growth,length_birth,54,NA,-0.04413924457107411,Shuffled
fold_growth,length_final,54,NA,-0.01180488344588005,Shuffled
fold_growth,growth_rate,54,NA,-0.10111080548243365,Shuffled
division_ratio,division_ratio,54,NA,0.17194035546152311,Shuffled
division_ratio,added_length,54,NA,-0.016572343057245625,Shuffled
division_ratio,generationtime,54,NA,-0.09735346862016936,Shuffled
division_ratio,length_birth,54,NA,0.09901150765201144,Shuffled
division_ratio,length_final,54,NA,0.04460185423979723,Shuffled
division_ratio,growth_rate,54,NA,0.19647762120587156,Shuffled
added_length,added_length,53,NA,0.07397681455249772,Shuffled
added_length,generationtime,53,NA,0.02158568433524331,Shuffled
added_length,length_birth,53,NA,0.0871120186628276,Shuffled
added_length,length_final,53,NA,0.10853164849981012,Shuffled
added_length,growth_rate,53,NA,-0.01895723363681548,Shuffled
generationtime,generationtime,53,NA,0.13225009319132988,Shuffled
generationtime,length_birth,53,NA,-0.04195236308364221,Shuffled
generationtime,length_final,53,NA,-0.007503170824331924,Shuffled
generationtime,growth_rate,53,NA,-0.2676241879733671,Shuffled
length_birth,length_birth,53,NA,0.19635177103632018,Shuffled
length_birth,length_final,53,NA,0.1823246782930462,Shuffled
length_birth,growth_rate,53,NA,0.1153274717957477,Shuffled
length_final,length_final,53,NA,0.19092826240588845,Shuffled
length_final,growth_rate,53,NA,0.05222248407986436,Shuffled
div_then_fold,div_then_fold,53,NA,0.0033890036089835175,Shuffled
div_then_fold,div_and_fold,53,NA,0.001149522817208215,Shuffled
div_then_fold,fold_then_div,53,NA,0.004350668960102879,Shuffled
div_then_fold,fold_growth,53,NA,0.003437406479088586,Shuffled
div_then_fold,division_ratio,53,NA,-0.0020133484160098193,Shuffled
div_then_fold,added_length,53,NA,0.009545244919000403,Shuffled
div_then_fold,generationtime,53,NA,0.0030690228591223187,Shuffled
div_then_fold,length_birth,53,NA,0.009405068117495061,Shuffled
div_then_fold,length_final,53,NA,0.012936924021666291,Shuffled
div_then_fold,growth_rate,53,NA,-0.002248075114920221,Shuffled
div_and_fold,div_and_fold,54,NA,0.01061046785429677,Shuffled
div_and_fold,fold_then_div,54,NA,-0.0016819809171364092,Shuffled
div_and_fold,fold_growth,54,NA,0.021559988684492267,Shuffled
div_and_fold,division_ratio,54,NA,-0.037136899054427165,Shuffled
div_and_fold,added_length,54,NA,0.0071544953332612,Shuffled
div_and_fold,generationtime,54,NA,0.02085122465917879,Shuffled
div_and_fold,length_birth,54,NA,-0.019519901162631758,Shuffled
div_and_fold,length_final,54,NA,-0.005751614320195022,Shuffled
div_and_fold,growth_rate,54,NA,-0.0409216021227371,Shuffled
fold_then_div,fold_then_div,54,NA,0.010056473974832435,Shuffled
fold_then_div,fold_growth,54,NA,-0.0010657954592584338,Shuffled
fold_then_div,division_ratio,54,NA,0.008166380622507836,Shuffled
fold_then_div,added_length,54,NA,0.01348962187185962,Shuffled
fold_then_div,generationtime,54,NA,-0.00011740565409609283,Shuffled
fold_then_div,length_birth,54,NA,0.023000490940389737,Shuffled
fold_then_div,length_final,54,NA,0.02392796169750669,Shuffled
fold_then_div,growth_rate,54,NA,0.0038290788199852716,Shuffled
fold_growth,fold_growth,54,NA,0.05217528459862022,Shuffled
fold_growth,division_ratio,54,NA,-0.09198368287879113,Shuffled
fold_growth,added_length,54,NA,0.017712904085218858,Shuffled
fold_growth,generationtime,54,NA,0.052260988322371804,Shuffled
fold_growth,length_birth,54,NA,-0.04413924457107411,Shuffled
fold_growth,length_final,54,NA,-0.01180488344588005,Shuffled
fold_growth,growth_rate,54,NA,-0.10111080548243365,Shuffled
division_ratio,division_ratio,54,NA,0.17194035546152311,Shuffled
division_ratio,added_length,54,NA,-0.016572343057245625,Shuffled
division_ratio,generationtime,54,NA,-0.09735346862016936,Shuffled
division_ratio,length_birth,54,NA,0.09901150765201144,Shuffled
division_ratio,length_final,54,NA,0.04460185423979723,Shuffled
division_ratio,growth_rate,54,NA,0.19647762120587156,Shuffled
added_length,added_length,53,NA,0.07397681455249772,Shuffled
added_length,generationtime,53,NA,0.02158568433524331,Shuffled
added_length,length_birth,53,NA,0.0871120186628276,Shuffled
added_length,length_final,53,NA,0.10853164849981012,Shuffled
added_length,growth_rate,53,NA,-0.01895723363681548,Shuffled
generationtime,generationtime,53,NA,0.13225009319132988,Shuffled
generationtime,length_birth,53,NA,-0.04195236308364221,Shuffled
generationtime,length_final,53,NA,-0.007503170824331924,Shuffled
generationtime,growth_rate,53,NA,-0.2676241879733671,Shuffled
length_birth,length_birth,53,NA,0.19635177103632018,Shuffled
length_birth,length_final,53,NA,0.1823246782930462,Shuffled
length_birth,growth_rate,53,NA,0.1153274717957477,Shuffled
length_final,length_final,53,NA,0.19092826240588845,Shuffled
length_final,growth_rate,53,NA,0.05222248407986436,Shuffled
growth_rate,growth_rate,53,NA,0.6326203551682706,Shuffled
