centered,distance,r,var_old,var_young
1.0,0.0,1.0,div_and_fold,div_and_fold
1.0,1.0,-0.20894710583539763,div_and_fold,div_and_fold
1.0,2.0,-0.09672716674958633,div_and_fold,div_and_fold
1.0,3.0,-0.04041708151635229,div_and_fold,div_and_fold
1.0,4.0,-0.035164514940287925,div_and_fold,div_and_fold
1.0,5.0,0.01943243069771359,div_and_fold,div_and_fold
1.0,6.0,-0.010354073095412954,div_and_fold,div_and_fold
1.0,7.0,0.001975504263479232,div_and_fold,div_and_fold
1.0,8.0,0.0008476433219757487,div_and_fold,div_and_fold
1.0,9.0,0.0038801324816487093,div_and_fold,div_and_fold
1.0,10.0,-0.011206668138775066,div_and_fold,div_and_fold
0.0,0.0,1.0,div_and_fold,div_and_fold
0.0,1.0,-0.22394325517996946,div_and_fold,div_and_fold
0.0,2.0,-0.10601447735900334,div_and_fold,div_and_fold
0.0,3.0,-0.050037926696392204,div_and_fold,div_and_fold
0.0,4.0,-0.04768120432563018,div_and_fold,div_and_fold
0.0,5.0,0.007951660592608293,div_and_fold,div_and_fold
0.0,6.0,-0.023560893969384468,div_and_fold,div_and_fold
0.0,7.0,-0.012776352084196547,div_and_fold,div_and_fold
0.0,8.0,-0.014609808835282307,div_and_fold,div_and_fold
0.0,9.0,-0.007592143322919046,div_and_fold,div_and_fold
0.0,10.0,-0.021423883447561153,div_and_fold,div_and_fold
1.0,0.0,0.7920530063858302,div_and_fold,fold_growth
1.0,1.0,-0.16186817588418512,div_and_fold,fold_growth
1.0,2.0,-0.07865060507322515,div_and_fold,fold_growth
1.0,3.0,-0.049016025825748835,div_and_fold,fold_growth
1.0,4.0,-0.03854220531725152,div_and_fold,fold_growth
1.0,5.0,-0.006809696488494044,div_and_fold,fold_growth
1.0,6.0,-0.021052757720216326,div_and_fold,fold_growth
1.0,7.0,-0.003528919435130652,div_and_fold,fold_growth
1.0,8.0,-0.007297267743844767,div_and_fold,fold_growth
1.0,9.0,-0.00831754114593413,div_and_fold,fold_growth
1.0,10.0,-0.0024463668458971598,div_and_fold,fold_growth
0.0,0.0,0.8098007936811303,div_and_fold,fold_growth
0.0,1.0,-0.1650946409549741,div_and_fold,fold_growth
0.0,2.0,-0.07976561530965089,div_and_fold,fold_growth
0.0,3.0,-0.04934725555874652,div_and_fold,fold_growth
0.0,4.0,-0.040172379436210846,div_and_fold,fold_growth
0.0,5.0,-0.006067395591900938,div_and_fold,fold_growth
0.0,6.0,-0.02169949419553269,div_and_fold,fold_growth
0.0,7.0,-0.004094898679170457,div_and_fold,fold_growth
0.0,8.0,-0.009231459250602845,div_and_fold,fold_growth
0.0,9.0,-0.010655929097852792,div_and_fold,fold_growth
0.0,10.0,-0.003291255769802595,div_and_fold,fold_growth
1.0,0.0,0.1750748290464987,div_and_fold,division_ratio
1.0,1.0,-0.050107831805490555,div_and_fold,division_ratio
1.0,2.0,-0.01793385115266562,div_and_fold,division_ratio
1.0,3.0,0.02649882699493906,div_and_fold,division_ratio
1.0,4.0,0.0017599917145083243,div_and_fold,division_ratio
1.0,5.0,0.02377074155570025,div_and_fold,division_ratio
1.0,6.0,0.0236681773903138,div_and_fold,division_ratio
1.0,7.0,0.016020090620772892,div_and_fold,division_ratio
1.0,8.0,0.008393768363799205,div_and_fold,division_ratio
1.0,9.0,0.018493607610001902,div_and_fold,division_ratio
1.0,10.0,-0.02213501879853394,div_and_fold,division_ratio
0.0,0.0,0.17870542274359913,div_and_fold,division_ratio
0.0,1.0,-0.06836165459487291,div_and_fold,division_ratio
0.0,2.0,-0.03037363139270051,div_and_fold,division_ratio
0.0,3.0,0.01899435450155848,div_and_fold,division_ratio
0.0,4.0,-0.009703037969687897,div_and_fold,division_ratio
0.0,5.0,0.014337342525428343,div_and_fold,division_ratio
0.0,6.0,0.014358354849189315,div_and_fold,division_ratio
0.0,7.0,0.006417857428611044,div_and_fold,division_ratio
0.0,8.0,0.0020516009901425524,div_and_fold,division_ratio
0.0,9.0,0.009883555673209135,div_and_fold,division_ratio
0.0,10.0,-0.03244897626775949,div_and_fold,division_ratio
1.0,0.0,0.695362000345925,div_and_fold,added_length
1.0,1.0,-0.009480811025473304,div_and_fold,added_length
1.0,2.0,0.00033334437300715767,div_and_fold,added_length
1.0,3.0,-0.010713180112314043,div_and_fold,added_length
1.0,4.0,-0.02006527741755576,div_and_fold,added_length
1.0,5.0,-0.007627827533281121,div_and_fold,added_length
1.0,6.0,-0.022443803706124036,div_and_fold,added_length
1.0,7.0,0.0035960702995226396,div_and_fold,added_length
1.0,8.0,-0.005776309270299714,div_and_fold,added_length
1.0,9.0,-0.009370238555907837,div_and_fold,added_length
1.0,10.0,-0.003162330136802885,div_and_fold,added_length
0.0,0.0,0.7741648462202069,div_and_fold,added_length
0.0,1.0,0.0007719963701937539,div_and_fold,added_length
0.0,2.0,0.0038905185022306667,div_and_fold,added_length
0.0,3.0,-0.007963813650559804,div_and_fold,added_length
0.0,4.0,-0.017489723449853507,div_and_fold,added_length
0.0,5.0,-0.0019599544914017477,div_and_fold,added_length
0.0,6.0,-0.01725897812877549,div_and_fold,added_length
0.0,7.0,0.00845290597799726,div_and_fold,added_length
0.0,8.0,-0.005673723606505987,div_and_fold,added_length
0.0,9.0,-0.008887581285484225,div_and_fold,added_length
0.0,10.0,-0.0030719581492021897,div_and_fold,added_length
1.0,0.0,0.550345657650835,div_and_fold,generationtime
1.0,1.0,-0.20528061958447283,div_and_fold,generationtime
1.0,2.0,-0.11217914431113607,div_and_fold,generationtime
1.0,3.0,-0.05467028798420219,div_and_fold,generationtime
1.0,4.0,-0.045456678488986345,div_and_fold,generationtime
1.0,5.0,-0.0295798484089802,div_and_fold,generationtime
1.0,6.0,-0.03316884024719392,div_and_fold,generationtime
1.0,7.0,-0.004181288670480324,div_and_fold,generationtime
1.0,8.0,-0.029111208956895968,div_and_fold,generationtime
1.0,9.0,-0.030555543962699383,div_and_fold,generationtime
1.0,10.0,-0.017324753227898882,div_and_fold,generationtime
0.0,0.0,0.6660095057824356,div_and_fold,generationtime
0.0,1.0,-0.20926349226685248,div_and_fold,generationtime
0.0,2.0,-0.09969144470356048,div_and_fold,generationtime
0.0,3.0,-0.037279054994446593,div_and_fold,generationtime
0.0,4.0,-0.025290764930493512,div_and_fold,generationtime
0.0,5.0,-0.004571464323131023,div_and_fold,generationtime
0.0,6.0,-0.00911036793102423,div_and_fold,generationtime
0.0,7.0,0.02124192722610553,div_and_fold,generationtime
0.0,8.0,-0.009641253924995239,div_and_fold,generationtime
0.0,9.0,-0.005049808486487023,div_and_fold,generationtime
0.0,10.0,0.011759309316596248,div_and_fold,generationtime
1.0,0.0,-0.26930502031634995,div_and_fold,length_birth
1.0,1.0,0.3405200567572798,div_and_fold,length_birth
1.0,2.0,0.15347810266465092,div_and_fold,length_birth
1.0,3.0,0.07863203192904288,div_and_fold,length_birth
1.0,4.0,0.03700782050704747,div_and_fold,length_birth
1.0,5.0,0.015488081206183552,div_and_fold,length_birth
1.0,6.0,0.012979560686169773,div_and_fold,length_birth
1.0,7.0,-0.0017528500357829534,div_and_fold,length_birth
1.0,8.0,0.012878122998048283,div_and_fold,length_birth
1.0,9.0,0.010056377896007085,div_and_fold,length_birth
1.0,10.0,-0.0046019556987919085,div_and_fold,length_birth
0.0,0.0,-0.3253970618717113,div_and_fold,length_birth
0.0,1.0,0.4198455643764546,div_and_fold,length_birth
0.0,2.0,0.1795337908322812,div_and_fold,length_birth
0.0,3.0,0.09016351449841517,div_and_fold,length_birth
0.0,4.0,0.040347548195234256,div_and_fold,length_birth
0.0,5.0,0.014569261906608337,div_and_fold,length_birth
0.0,6.0,0.011477207456669814,div_and_fold,length_birth
0.0,7.0,-0.011751091973577597,div_and_fold,length_birth
0.0,8.0,-0.00010908092023743635,div_and_fold,length_birth
0.0,9.0,0.013252875511539364,div_and_fold,length_birth
0.0,10.0,-0.007158304615591675,div_and_fold,length_birth
1.0,0.0,0.38651210117795276,div_and_fold,length_final
1.0,1.0,0.17287010899235938,div_and_fold,length_final
1.0,2.0,0.06953962117750538,div_and_fold,length_final
1.0,3.0,0.0364641087946211,div_and_fold,length_final
1.0,4.0,0.005455282637512791,div_and_fold,length_final
1.0,5.0,0.003317451852088509,div_and_fold,length_final
1.0,6.0,-0.01127308268902853,div_and_fold,length_final
1.0,7.0,0.005706807590117566,div_and_fold,length_final
1.0,8.0,0.002479993253116707,div_and_fold,length_final
1.0,9.0,-0.0020564090159584294,div_and_fold,length_final
1.0,10.0,-0.0030780211974404665,div_and_fold,length_final
0.0,0.0,0.4877001042731175,div_and_fold,length_final
0.0,1.0,0.22130411027857916,div_and_fold,length_final
0.0,2.0,0.084475532713565,div_and_fold,length_final
0.0,3.0,0.043790239996204426,div_and_fold,length_final
0.0,4.0,0.00522181702551696,div_and_fold,length_final
0.0,5.0,0.0019823876012116945,div_and_fold,length_final
0.0,6.0,-0.016933538656751363,div_and_fold,length_final
0.0,7.0,-0.0036097749651391895,div_and_fold,length_final
0.0,8.0,-0.015336467339729655,div_and_fold,length_final
0.0,9.0,0.0017784426725327598,div_and_fold,length_final
0.0,10.0,-0.0020521970658751105,div_and_fold,length_final
1.0,0.0,0.16348610245991943,div_and_fold,growth_rate
1.0,1.0,0.10051971108805571,div_and_fold,growth_rate
1.0,2.0,0.05103892373061397,div_and_fold,growth_rate
1.0,3.0,0.02021466865607937,div_and_fold,growth_rate
1.0,4.0,0.02204691333560781,div_and_fold,growth_rate
1.0,5.0,0.03301042287090321,div_and_fold,growth_rate
1.0,6.0,0.020661066459108573,div_and_fold,growth_rate
1.0,7.0,0.009316084294209392,div_and_fold,growth_rate
1.0,8.0,0.02418360609719168,div_and_fold,growth_rate
1.0,9.0,0.030137746397619118,div_and_fold,growth_rate
1.0,10.0,0.02646613405818168,div_and_fold,growth_rate
0.0,0.0,0.16659566231419823,div_and_fold,growth_rate
0.0,1.0,0.08179137457170226,div_and_fold,growth_rate
0.0,2.0,0.019692254139971953,div_and_fold,growth_rate
0.0,3.0,-0.01614626245890669,div_and_fold,growth_rate
0.0,4.0,-0.01560205798307139,div_and_fold,growth_rate
0.0,5.0,0.00042086605953299127,div_and_fold,growth_rate
0.0,6.0,-0.01861939011757597,div_and_fold,growth_rate
0.0,7.0,-0.027956510179875983,div_and_fold,growth_rate
0.0,8.0,-0.007675568429886089,div_and_fold,growth_rate
0.0,9.0,-0.007349162357612479,div_and_fold,growth_rate
0.0,10.0,-0.013508124019407782,div_and_fold,growth_rate
1.0,0.0,0.7920530063858302,fold_growth,div_and_fold
1.0,1.0,-0.20067584334044397,fold_growth,div_and_fold
1.0,2.0,-0.06918693490672947,fold_growth,div_and_fold
1.0,3.0,-0.049601099207625114,fold_growth,div_and_fold
1.0,4.0,-0.02749905554026246,fold_growth,div_and_fold
1.0,5.0,0.012765054185221801,fold_growth,div_and_fold
1.0,6.0,-0.011114017573523254,fold_growth,div_and_fold
1.0,7.0,-0.0003939384582190279,fold_growth,div_and_fold
1.0,8.0,-0.0007957865437057303,fold_growth,div_and_fold
1.0,9.0,0.0024138798252893493,fold_growth,div_and_fold
1.0,10.0,-0.0007569977476316631,fold_growth,div_and_fold
0.0,0.0,0.8098007936811303,fold_growth,div_and_fold
0.0,1.0,-0.20778967932678466,fold_growth,div_and_fold
0.0,2.0,-0.07269200695976404,fold_growth,div_and_fold
0.0,3.0,-0.05324152946766663,fold_growth,div_and_fold
0.0,4.0,-0.031445998693480644,fold_growth,div_and_fold
0.0,5.0,0.009361570361781065,fold_growth,div_and_fold
0.0,6.0,-0.014889689580983372,fold_growth,div_and_fold
0.0,7.0,-0.004778021888890074,fold_growth,div_and_fold
0.0,8.0,-0.005331188035395608,fold_growth,div_and_fold
0.0,9.0,-0.0010552693204095493,fold_growth,div_and_fold
0.0,10.0,-0.005450528932369668,fold_growth,div_and_fold
1.0,0.0,1.0,fold_growth,fold_growth
1.0,1.0,-0.07611151903141808,fold_growth,fold_growth
1.0,2.0,-0.02156607561595075,fold_growth,fold_growth
1.0,3.0,-0.012597546128236806,fold_growth,fold_growth
1.0,4.0,0.0004968312169498498,fold_growth,fold_growth
1.0,5.0,0.02511838294483397,fold_growth,fold_growth
1.0,6.0,0.012844361420098824,fold_growth,fold_growth
1.0,7.0,0.01621674229974628,fold_growth,fold_growth
1.0,8.0,0.018070944339141432,fold_growth,fold_growth
1.0,9.0,0.013868464989184528,fold_growth,fold_growth
1.0,10.0,0.031288740221917764,fold_growth,fold_growth
0.0,0.0,1.0,fold_growth,fold_growth
0.0,1.0,-0.11718228853861312,fold_growth,fold_growth
0.0,2.0,-0.06205145733401048,fold_growth,fold_growth
0.0,3.0,-0.05243530936980952,fold_growth,fold_growth
0.0,4.0,-0.038306782578150324,fold_growth,fold_growth
0.0,5.0,-0.012016058778260803,fold_growth,fold_growth
0.0,6.0,-0.025263089731776073,fold_growth,fold_growth
0.0,7.0,-0.022179989429043867,fold_growth,fold_growth
0.0,8.0,-0.022683962149316863,fold_growth,fold_growth
0.0,9.0,-0.02587653578844773,fold_growth,fold_growth
0.0,10.0,-0.008992153699953693,fold_growth,fold_growth
1.0,0.0,-0.33929112952917684,fold_growth,division_ratio
1.0,1.0,-0.17376862361254405,fold_growth,division_ratio
1.0,2.0,-0.08488537837517295,fold_growth,division_ratio
1.0,3.0,-0.047915208805926826,fold_growth,division_ratio
1.0,4.0,-0.04749314988086869,fold_growth,division_ratio
1.0,5.0,-0.034312954940607696,fold_growth,division_ratio
1.0,6.0,-0.03136015524683281,fold_growth,division_ratio
1.0,7.0,-0.031384053954587966,fold_growth,division_ratio
1.0,8.0,-0.036827272144764195,fold_growth,division_ratio
1.0,9.0,-0.02744262737588656,fold_growth,division_ratio
1.0,10.0,-0.06717665574323195,fold_growth,division_ratio
0.0,0.0,-0.3038977314553378,fold_growth,division_ratio
0.0,1.0,-0.12324324909985845,fold_growth,division_ratio
0.0,2.0,-0.026438403133627355,fold_growth,division_ratio
0.0,3.0,0.013845387506934525,fold_growth,division_ratio
0.0,4.0,0.012705926395480264,fold_growth,division_ratio
0.0,5.0,0.027465608889575874,fold_growth,division_ratio
0.0,6.0,0.028908028744047527,fold_growth,division_ratio
0.0,7.0,0.030644746067898986,fold_growth,division_ratio
0.0,8.0,0.027388721511240468,fold_growth,division_ratio
0.0,9.0,0.03473883423679681,fold_growth,division_ratio
0.0,10.0,-0.009108802785069554,fold_growth,division_ratio
1.0,0.0,0.7904057764732682,fold_growth,added_length
1.0,1.0,0.03720233817969324,fold_growth,added_length
1.0,2.0,0.03977229305882057,fold_growth,added_length
1.0,3.0,0.021136732103674238,fold_growth,added_length
1.0,4.0,0.01654331341408014,fold_growth,added_length
1.0,5.0,0.038327634071676005,fold_growth,added_length
1.0,6.0,0.022932014787179465,fold_growth,added_length
1.0,7.0,0.036456679473924884,fold_growth,added_length
1.0,8.0,0.03637884915359398,fold_growth,added_length
1.0,9.0,0.025091469687014867,fold_growth,added_length
1.0,10.0,0.034402104584375995,fold_growth,added_length
0.0,0.0,0.8493392816051084,fold_growth,added_length
0.0,1.0,0.000811489669803718,fold_growth,added_length
0.0,2.0,0.001411464057828829,fold_growth,added_length
0.0,3.0,-0.019633713343519068,fold_growth,added_length
0.0,4.0,-0.024304217786386237,fold_growth,added_length
0.0,5.0,0.0011909845625376215,fold_growth,added_length
0.0,6.0,-0.016091435962933984,fold_growth,added_length
0.0,7.0,-0.001929294176017864,fold_growth,added_length
0.0,8.0,-0.0064341968911630736,fold_growth,added_length
0.0,9.0,-0.01628905724379368,fold_growth,added_length
0.0,10.0,-0.008026697446408783,fold_growth,added_length
1.0,0.0,0.7023416622968439,fold_growth,generationtime
1.0,1.0,-0.13429477867119255,fold_growth,generationtime
1.0,2.0,-0.05864777111394347,fold_growth,generationtime
1.0,3.0,-0.010190424816554293,fold_growth,generationtime
1.0,4.0,0.014430419632114529,fold_growth,generationtime
1.0,5.0,0.03225152503075586,fold_growth,generationtime
1.0,6.0,0.03386583497189716,fold_growth,generationtime
1.0,7.0,0.049140857339563006,fold_growth,generationtime
1.0,8.0,0.041928760403586486,fold_growth,generationtime
1.0,9.0,0.03385990584942498,fold_growth,generationtime
1.0,10.0,0.04244472924635519,fold_growth,generationtime
0.0,0.0,0.7808910352399457,fold_growth,generationtime
0.0,1.0,-0.20306259591061104,fold_growth,generationtime
0.0,2.0,-0.11191713382868157,fold_growth,generationtime
0.0,3.0,-0.057639376339449995,fold_growth,generationtime
0.0,4.0,-0.02910337130496562,fold_growth,generationtime
0.0,5.0,-0.007091929949861239,fold_growth,generationtime
0.0,6.0,-0.005758062859443743,fold_growth,generationtime
0.0,7.0,0.010540565997294643,fold_growth,generationtime
0.0,8.0,-0.0006870022398473567,fold_growth,generationtime
0.0,9.0,-0.007647107686405086,fold_growth,generationtime
0.0,10.0,0.005426963259765226,fold_growth,generationtime
1.0,0.0,-0.45362072833247824,fold_growth,length_birth
1.0,1.0,0.23058523121633528,fold_growth,length_birth
1.0,2.0,0.11247100010804317,fold_growth,length_birth
1.0,3.0,0.05388234072349897,fold_growth,length_birth
1.0,4.0,0.01814433270800354,fold_growth,length_birth
1.0,5.0,0.007725793053400305,fold_growth,length_birth
1.0,6.0,0.010846628446004154,fold_growth,length_birth
1.0,7.0,0.004213138944305019,fold_growth,length_birth
1.0,8.0,0.01567141742364386,fold_growth,length_birth
1.0,9.0,0.016457185370476565,fold_growth,length_birth
1.0,10.0,-0.0022001833269207636,fold_growth,length_birth
0.0,0.0,-0.5395960966426046,fold_growth,length_birth
0.0,1.0,0.3017917965617092,fold_growth,length_birth
0.0,2.0,0.1503838848493767,fold_growth,length_birth
0.0,3.0,0.07726570423257649,fold_growth,length_birth
0.0,4.0,0.03269161001200223,fold_growth,length_birth
0.0,5.0,0.021117821249429472,fold_growth,length_birth
0.0,6.0,0.024859073430787325,fold_growth,length_birth
0.0,7.0,0.014004477168090723,fold_growth,length_birth
0.0,8.0,0.023035762161348713,fold_growth,length_birth
0.0,9.0,0.029867462259197446,fold_growth,length_birth
0.0,10.0,0.007807981443741302,fold_growth,length_birth
1.0,0.0,0.3148159792003805,fold_growth,length_final
1.0,1.0,0.1376143134632688,fold_growth,length_final
1.0,2.0,0.07221818101978636,fold_growth,length_final
1.0,3.0,0.03972359815626311,fold_growth,length_final
1.0,4.0,0.01827192402706295,fold_growth,length_final
1.0,5.0,0.03003768053119881,fold_growth,length_final
1.0,6.0,0.01697451898670155,fold_growth,length_final
1.0,7.0,0.03257407915916109,fold_growth,length_final
1.0,8.0,0.028637182448917848,fold_growth,length_final
1.0,9.0,0.030300374795852097,fold_growth,length_final
1.0,10.0,0.025255959561420734,fold_growth,length_final
0.0,0.0,0.3791890796664503,fold_growth,length_final
0.0,1.0,0.15331413452280207,fold_growth,length_final
0.0,2.0,0.06548494813227196,fold_growth,length_final
0.0,3.0,0.02446349375513711,fold_growth,length_final
0.0,4.0,-0.0029357881338041773,fold_growth,length_final
0.0,5.0,0.012156453913271583,fold_growth,length_final
0.0,6.0,-0.005066816302131103,fold_growth,length_final
0.0,7.0,0.01167249345755996,fold_growth,length_final
0.0,8.0,-0.0017312181914016977,fold_growth,length_final
0.0,9.0,0.011626069138747426,fold_growth,length_final
0.0,10.0,0.0035394854885466573,fold_growth,length_final
1.0,0.0,0.16294186550833512,fold_growth,growth_rate
1.0,1.0,0.10077784169277548,fold_growth,growth_rate
1.0,2.0,0.05320528312099107,fold_growth,growth_rate
1.0,3.0,0.004680657379436664,fold_growth,growth_rate
1.0,4.0,-0.016501878415895895,fold_growth,growth_rate
1.0,5.0,-0.019832491709305008,fold_growth,growth_rate
1.0,6.0,-0.033390260574736264,fold_growth,growth_rate
1.0,7.0,-0.047868072531086645,fold_growth,growth_rate
1.0,8.0,-0.03555798148898603,fold_growth,growth_rate
1.0,9.0,-0.024386601695175186,fold_growth,growth_rate
1.0,10.0,-0.012955428725183732,fold_growth,growth_rate
0.0,0.0,0.2218025428537661,fold_growth,growth_rate
0.0,1.0,0.13697972906579725,fold_growth,growth_rate
0.0,2.0,0.07378571812361859,fold_growth,growth_rate
0.0,3.0,0.01691870020097423,fold_growth,growth_rate
0.0,4.0,-0.009683128994351213,fold_growth,growth_rate
0.0,5.0,-0.013572511704550467,fold_growth,growth_rate
0.0,6.0,-0.03234816985900507,fold_growth,growth_rate
0.0,7.0,-0.04871613606681082,fold_growth,growth_rate
0.0,8.0,-0.03283915151517532,fold_growth,growth_rate
0.0,9.0,-0.020901066168518605,fold_growth,growth_rate
0.0,10.0,-0.01017035917493435,fold_growth,growth_rate
1.0,0.0,0.1750748290464987,division_ratio,div_and_fold
1.0,1.0,-0.02903033998271894,division_ratio,div_and_fold
1.0,2.0,-0.0345004622725278,division_ratio,div_and_fold
1.0,3.0,0.022925315942270676,division_ratio,div_and_fold
1.0,4.0,-0.01606072434614419,division_ratio,div_and_fold
1.0,5.0,-0.007297904930743529,division_ratio,div_and_fold
1.0,6.0,0.0016813851705381221,division_ratio,div_and_fold
1.0,7.0,0.009170439122170701,division_ratio,div_and_fold
1.0,8.0,0.02115215924105966,division_ratio,div_and_fold
1.0,9.0,0.0054394734079577485,division_ratio,div_and_fold
1.0,10.0,-0.010640285376414071,division_ratio,div_and_fold
0.0,0.0,0.17870542274359913,division_ratio,div_and_fold
0.0,1.0,-0.03929157188717289,division_ratio,div_and_fold
0.0,2.0,-0.04475237854867206,division_ratio,div_and_fold
0.0,3.0,0.016122981096872904,division_ratio,div_and_fold
0.0,4.0,-0.02661135395647646,division_ratio,div_and_fold
0.0,5.0,-0.015366608782510748,division_ratio,div_and_fold
0.0,6.0,-0.008021233697354087,division_ratio,div_and_fold
0.0,7.0,-0.0004259309446158993,division_ratio,div_and_fold
0.0,8.0,0.010839414252454728,division_ratio,div_and_fold
0.0,9.0,-0.003470574918989844,division_ratio,div_and_fold
0.0,10.0,-0.01695955174350764,division_ratio,div_and_fold
1.0,0.0,-0.33929112952917684,division_ratio,fold_growth
1.0,1.0,-0.15164258638658704,division_ratio,fold_growth
1.0,2.0,-0.11486291574654862,division_ratio,fold_growth
1.0,3.0,-0.06004633697042954,division_ratio,fold_growth
1.0,4.0,-0.055536130358576914,division_ratio,fold_growth
1.0,5.0,-0.06394820459456185,division_ratio,fold_growth
1.0,6.0,-0.05026008292601613,division_ratio,fold_growth
1.0,7.0,-0.03768736707251153,division_ratio,fold_growth
1.0,8.0,-0.03660371772747407,division_ratio,fold_growth
1.0,9.0,-0.04013862243646148,division_ratio,fold_growth
1.0,10.0,-0.054199313734770924,division_ratio,fold_growth
0.0,0.0,-0.3038977314553378,division_ratio,fold_growth
0.0,1.0,-0.09455609058389104,division_ratio,fold_growth
0.0,2.0,-0.05445868429535211,division_ratio,fold_growth
0.0,3.0,0.004857334985702581,division_ratio,fold_growth
0.0,4.0,0.00896551782787649,division_ratio,fold_growth
0.0,5.0,0.0017188191396984597,division_ratio,fold_growth
0.0,6.0,0.014831101046394759,division_ratio,fold_growth
0.0,7.0,0.028299670372995717,division_ratio,fold_growth
0.0,8.0,0.028321145496435485,division_ratio,fold_growth
0.0,9.0,0.025101226692660003,division_ratio,fold_growth
0.0,10.0,0.010920449089716674,division_ratio,fold_growth
1.0,0.0,1.0,division_ratio,division_ratio
1.0,1.0,0.22628813008356563,division_ratio,division_ratio
1.0,2.0,0.14717147349859136,division_ratio,division_ratio
1.0,3.0,0.14198883588799907,division_ratio,division_ratio
1.0,4.0,0.08633901112674122,division_ratio,division_ratio
1.0,5.0,0.10590598540337023,division_ratio,division_ratio
1.0,6.0,0.09741144254097292,division_ratio,division_ratio
1.0,7.0,0.09033836734003352,division_ratio,division_ratio
1.0,8.0,0.08990292020186627,division_ratio,division_ratio
1.0,9.0,0.08332297850201748,division_ratio,division_ratio
1.0,10.0,0.07775164649074574,division_ratio,division_ratio
0.0,0.0,1.0,division_ratio,division_ratio
0.0,1.0,0.10725806166169191,division_ratio,division_ratio
0.0,2.0,0.017816380007038897,division_ratio,division_ratio
0.0,3.0,0.012276586197581391,division_ratio,division_ratio
0.0,4.0,-0.051125316065623934,division_ratio,division_ratio
0.0,5.0,-0.028755662493201717,division_ratio,division_ratio
0.0,6.0,-0.03790710685010989,division_ratio,division_ratio
0.0,7.0,-0.04492095847643223,division_ratio,division_ratio
0.0,8.0,-0.04401350811403011,division_ratio,division_ratio
0.0,9.0,-0.04850355718137705,division_ratio,division_ratio
0.0,10.0,-0.05169114246232026,division_ratio,division_ratio
1.0,0.0,-0.1715250390695911,division_ratio,added_length
1.0,1.0,-0.07129044797515213,division_ratio,added_length
1.0,2.0,-0.07635076952036081,division_ratio,added_length
1.0,3.0,-0.047099838316149036,division_ratio,added_length
1.0,4.0,-0.04832667721018676,division_ratio,added_length
1.0,5.0,-0.06651224617449021,division_ratio,added_length
1.0,6.0,-0.053135580302677274,division_ratio,added_length
1.0,7.0,-0.04705902696043412,division_ratio,added_length
1.0,8.0,-0.05006961695731344,division_ratio,added_length
1.0,9.0,-0.04556488213167183,division_ratio,added_length
1.0,10.0,-0.05862505411776221,division_ratio,added_length
0.0,0.0,-0.12821969541277164,division_ratio,added_length
0.0,1.0,-0.008198231822678936,division_ratio,added_length
0.0,2.0,-0.014703793139774997,division_ratio,added_length
0.0,3.0,0.017717177698082023,division_ratio,added_length
0.0,4.0,0.0147698267855251,division_ratio,added_length
0.0,5.0,-0.003531555290349608,division_ratio,added_length
0.0,6.0,0.009910542843682639,division_ratio,added_length
0.0,7.0,0.015332264512547758,division_ratio,added_length
0.0,8.0,0.010658993550695089,division_ratio,added_length
0.0,9.0,0.017781765103754812,division_ratio,added_length
0.0,10.0,0.0015181715755057988,division_ratio,added_length
1.0,0.0,-0.22709818198796197,division_ratio,generationtime
1.0,1.0,-0.09313548096144306,division_ratio,generationtime
1.0,2.0,-0.0921463110509293,division_ratio,generationtime
1.0,3.0,-0.0749950662811766,division_ratio,generationtime
1.0,4.0,-0.09089634850959845,division_ratio,generationtime
1.0,5.0,-0.11078170542124226,division_ratio,generationtime
1.0,6.0,-0.10534116663832552,division_ratio,generationtime
1.0,7.0,-0.10325839653941642,division_ratio,generationtime
1.0,8.0,-0.11394402700156941,division_ratio,generationtime
1.0,9.0,-0.10062753436869293,division_ratio,generationtime
1.0,10.0,-0.09114390189006351,division_ratio,generationtime
0.0,0.0,-0.16131587961871244,division_ratio,generationtime
0.0,1.0,0.008047553055818106,division_ratio,generationtime
0.0,2.0,0.007685245167092365,division_ratio,generationtime
0.0,3.0,0.03156811649174908,division_ratio,generationtime
0.0,4.0,0.015573199884334173,division_ratio,generationtime
0.0,5.0,-0.008883621731318752,division_ratio,generationtime
0.0,6.0,-0.0033086477198426816,division_ratio,generationtime
0.0,7.0,-0.0017836785026002007,division_ratio,generationtime
0.0,8.0,-0.016713741751868197,division_ratio,generationtime
0.0,9.0,0.0019885289855947267,division_ratio,generationtime
0.0,10.0,0.009867885924137548,division_ratio,generationtime
1.0,0.0,0.32561465706788123,division_ratio,length_birth
1.0,1.0,0.13259064841375717,division_ratio,length_birth
1.0,2.0,0.08763510389131704,division_ratio,length_birth
1.0,3.0,0.057909844493474055,division_ratio,length_birth
1.0,4.0,0.04157229126413552,division_ratio,length_birth
1.0,5.0,0.03167735056819155,division_ratio,length_birth
1.0,6.0,0.016303275897771585,division_ratio,length_birth
1.0,7.0,0.015912402255408905,division_ratio,length_birth
1.0,8.0,0.015980126997713735,division_ratio,length_birth
1.0,9.0,0.02070981844674893,division_ratio,length_birth
1.0,10.0,0.016982620461603842,division_ratio,length_birth
0.0,0.0,0.3941620614825796,division_ratio,length_birth
0.0,1.0,0.14089878848574872,division_ratio,length_birth
0.0,2.0,0.07676521310208201,division_ratio,length_birth
0.0,3.0,0.03672840000147514,division_ratio,length_birth
0.0,4.0,0.011323654855738687,division_ratio,length_birth
0.0,5.0,-0.0007447109064104481,division_ratio,length_birth
0.0,6.0,-0.022161492281380937,division_ratio,length_birth
0.0,7.0,-0.02443474609253395,division_ratio,length_birth
0.0,8.0,-0.021998328500433248,division_ratio,length_birth
0.0,9.0,-0.018022052635630382,division_ratio,length_birth
0.0,10.0,-0.01883222287955585,division_ratio,length_birth
1.0,0.0,0.0566771129358443,division_ratio,length_final
1.0,1.0,0.026419434735362294,division_ratio,length_final
1.0,2.0,-0.014263528569189905,division_ratio,length_final
1.0,3.0,-0.001786560442350463,division_ratio,length_final
1.0,4.0,-0.01263360862470495,division_ratio,length_final
1.0,5.0,-0.03379236147080296,division_ratio,length_final
1.0,6.0,-0.02425205095592363,division_ratio,length_final
1.0,7.0,-0.023899418949549604,division_ratio,length_final
1.0,8.0,-0.017443368746077242,division_ratio,length_final
1.0,9.0,-0.02518470857056809,division_ratio,length_final
1.0,10.0,-0.03564371598594655,division_ratio,length_final
0.0,0.0,0.12084613902436858,division_ratio,length_final
0.0,1.0,0.08083574334295969,division_ratio,length_final
0.0,2.0,0.02498197955789657,division_ratio,length_final
0.0,3.0,0.03748065243658766,division_ratio,length_final
0.0,4.0,0.01957628676581476,division_ratio,length_final
0.0,5.0,-0.004394662118625749,division_ratio,length_final
0.0,6.0,0.001908661814636191,division_ratio,length_final
0.0,7.0,0.0007739053441441591,division_ratio,length_final
0.0,8.0,0.01098314513280524,division_ratio,length_final
0.0,9.0,0.001426106918833554,division_ratio,length_final
0.0,10.0,-0.009149248868567663,division_ratio,length_final
1.0,0.0,-0.06769469697310532,division_ratio,growth_rate
1.0,1.0,-0.040119807716552915,division_ratio,growth_rate
1.0,2.0,-0.022008295642099957,division_ratio,growth_rate
1.0,3.0,0.010107763085910914,division_ratio,growth_rate
1.0,4.0,0.05867539605103989,division_ratio,growth_rate
1.0,5.0,0.0858081071225945,division_ratio,growth_rate
1.0,6.0,0.08777105746819647,division_ratio,growth_rate
1.0,7.0,0.11920384637229389,division_ratio,growth_rate
1.0,8.0,0.11734058326522137,division_ratio,growth_rate
1.0,9.0,0.0855177110276346,division_ratio,growth_rate
1.0,10.0,0.07454561186482432,division_ratio,growth_rate
0.0,0.0,-0.17891227604182697,division_ratio,growth_rate
0.0,1.0,-0.14192071113368102,division_ratio,growth_rate
0.0,2.0,-0.11482626504925038,division_ratio,growth_rate
0.0,3.0,-0.07634978691311009,division_ratio,growth_rate
0.0,4.0,-0.014383154991482877,division_ratio,growth_rate
0.0,5.0,0.02526023342196913,division_ratio,growth_rate
0.0,6.0,0.028807683206351603,division_ratio,growth_rate
0.0,7.0,0.07330717119561508,division_ratio,growth_rate
0.0,8.0,0.07050024097781331,division_ratio,growth_rate
0.0,9.0,0.02921177917678629,division_ratio,growth_rate
0.0,10.0,0.01684721241853735,division_ratio,growth_rate
1.0,0.0,0.695362000345925,added_length,div_and_fold
1.0,1.0,-0.3726774829456423,added_length,div_and_fold
1.0,2.0,-0.15270315398738352,added_length,div_and_fold
1.0,3.0,-0.09455927557232993,added_length,div_and_fold
1.0,4.0,-0.04943786639333556,added_length,div_and_fold
1.0,5.0,-0.009562230000296764,added_length,div_and_fold
1.0,6.0,-0.02766755552579162,added_length,div_and_fold
1.0,7.0,-0.014327723296952522,added_length,div_and_fold
1.0,8.0,-0.019290319627928414,added_length,div_and_fold
1.0,9.0,-0.009916635240283309,added_length,div_and_fold
1.0,10.0,-0.003832281545702768,added_length,div_and_fold
0.0,0.0,0.7741648462202069,added_length,div_and_fold
0.0,1.0,-0.4017218770753116,added_length,div_and_fold
0.0,2.0,-0.159862855560215,added_length,div_and_fold
0.0,3.0,-0.09631346449506237,added_length,div_and_fold
0.0,4.0,-0.04444353406309931,added_length,div_and_fold
0.0,5.0,-0.0022912457890683635,added_length,div_and_fold
0.0,6.0,-0.019277607555259875,added_length,div_and_fold
0.0,7.0,-0.006771841810481417,added_length,div_and_fold
0.0,8.0,-0.0091410062677776,added_length,div_and_fold
0.0,9.0,-0.0024706673373711334,added_length,div_and_fold
0.0,10.0,0.0004335933614047536,added_length,div_and_fold
1.0,0.0,0.7904057764732682,added_length,fold_growth
1.0,1.0,-0.23718674528003403,added_length,fold_growth
1.0,2.0,-0.09840761092997656,added_length,fold_growth
1.0,3.0,-0.05422231429323399,added_length,fold_growth
1.0,4.0,-0.011267408428865979,added_length,fold_growth
1.0,5.0,0.017161945609087063,added_length,fold_growth
1.0,6.0,0.012437843395669656,added_length,fold_growth
1.0,7.0,0.02714708046936562,added_length,fold_growth
1.0,8.0,0.026485941209627408,added_length,fold_growth
1.0,9.0,0.021788261058068307,added_length,fold_growth
1.0,10.0,0.035002682920963424,added_length,fold_growth
0.0,0.0,0.8493392816051084,added_length,fold_growth
0.0,1.0,-0.3067442448440343,added_length,fold_growth
0.0,2.0,-0.15147608913112612,added_length,fold_growth
0.0,3.0,-0.10127776063122666,added_length,fold_growth
0.0,4.0,-0.05335573689158352,added_length,fold_growth
0.0,5.0,-0.020978022779421623,added_length,fold_growth
0.0,6.0,-0.027683134494271722,added_length,fold_growth
0.0,7.0,-0.013370220759649974,added_length,fold_growth
0.0,8.0,-0.015259507706582333,added_length,fold_growth
0.0,9.0,-0.01875997858540109,added_length,fold_growth
0.0,10.0,-0.005055180844482096,added_length,fold_growth
1.0,0.0,-0.1715250390695911,added_length,division_ratio
1.0,1.0,-0.15044113197151868,added_length,division_ratio
1.0,2.0,-0.0678072310844777,added_length,division_ratio
1.0,3.0,-0.04755814896956696,added_length,division_ratio
1.0,4.0,-0.06059642421566316,added_length,division_ratio
1.0,5.0,-0.0477810194868402,added_length,division_ratio
1.0,6.0,-0.05506308159342973,added_length,division_ratio
1.0,7.0,-0.06377651162698936,added_length,division_ratio
1.0,8.0,-0.06684463733976084,added_length,division_ratio
1.0,9.0,-0.0556350246177227,added_length,division_ratio
1.0,10.0,-0.07752656413785627,added_length,division_ratio
0.0,0.0,-0.12821969541277164,added_length,division_ratio
0.0,1.0,-0.09959527261149641,added_length,division_ratio
0.0,2.0,-0.0030041175415967095,added_length,division_ratio
0.0,3.0,0.023127942027853402,added_length,division_ratio
0.0,4.0,0.01003460073602597,added_length,division_ratio
0.0,5.0,0.026036843419020378,added_length,division_ratio
0.0,6.0,0.01786189016953771,added_length,division_ratio
0.0,7.0,0.010329636739335443,added_length,division_ratio
0.0,8.0,0.0038293596372695787,added_length,division_ratio
0.0,9.0,0.016433146038515412,added_length,division_ratio
0.0,10.0,-0.010688908737169685,added_length,division_ratio
1.0,0.0,1.0,added_length,added_length
1.0,1.0,0.14881003965764245,added_length,added_length
1.0,2.0,0.1582419789863021,added_length,added_length
1.0,3.0,0.14082267805269538,added_length,added_length
1.0,4.0,0.14541677724246874,added_length,added_length
1.0,5.0,0.15690879403978722,added_length,added_length
1.0,6.0,0.15009711159635594,added_length,added_length
1.0,7.0,0.1599869760916357,added_length,added_length
1.0,8.0,0.15162151997627482,added_length,added_length
1.0,9.0,0.14843713527233834,added_length,added_length
1.0,10.0,0.15775638301926645,added_length,added_length
0.0,0.0,1.0,added_length,added_length
0.0,1.0,-0.03970439216527871,added_length,added_length
0.0,2.0,-0.028506734747921838,added_length,added_length
0.0,3.0,-0.047752371767618644,added_length,added_length
0.0,4.0,-0.0412093752871712,added_length,added_length
0.0,5.0,-0.026661529903472175,added_length,added_length
0.0,6.0,-0.035167742748701436,added_length,added_length
0.0,7.0,-0.02419335944439619,added_length,added_length
0.0,8.0,-0.035249818537651946,added_length,added_length
0.0,9.0,-0.03564359183566283,added_length,added_length
0.0,10.0,-0.025479097342602113,added_length,added_length
1.0,0.0,0.6307593719897508,added_length,generationtime
1.0,1.0,-0.18281662306712246,added_length,generationtime
1.0,2.0,-0.028797001051899893,added_length,generationtime
1.0,3.0,0.04061806571784436,added_length,generationtime
1.0,4.0,0.080101532689421,added_length,generationtime
1.0,5.0,0.09264386622671135,added_length,generationtime
1.0,6.0,0.09747493887736827,added_length,generationtime
1.0,7.0,0.10871959940817855,added_length,generationtime
1.0,8.0,0.10011686310955711,added_length,generationtime
1.0,9.0,0.09228601332170888,added_length,generationtime
1.0,10.0,0.09871501694923882,added_length,generationtime
0.0,0.0,0.6838347730869752,added_length,generationtime
0.0,1.0,-0.3581854480610545,added_length,generationtime
0.0,2.0,-0.16123230468280708,added_length,generationtime
0.0,3.0,-0.07249823718752393,added_length,generationtime
0.0,4.0,-0.024756763884564804,added_length,generationtime
0.0,5.0,-0.008077712897009169,added_length,generationtime
0.0,6.0,-0.0027788409386107216,added_length,generationtime
0.0,7.0,0.006558254563364943,added_length,generationtime
0.0,8.0,-0.004687527628728048,added_length,generationtime
0.0,9.0,-0.011257403351932729,added_length,generationtime
0.0,10.0,-0.001992299402439041,added_length,generationtime
1.0,0.0,0.10071115982202711,added_length,length_birth
1.0,1.0,0.6719087277187219,added_length,length_birth
1.0,2.0,0.4046989746093883,added_length,length_birth
1.0,3.0,0.29424837758921984,added_length,length_birth
1.0,4.0,0.22651497463274026,added_length,length_birth
1.0,5.0,0.20498351792881217,added_length,length_birth
1.0,6.0,0.19232868602788855,added_length,length_birth
1.0,7.0,0.1789957127727013,added_length,length_birth
1.0,8.0,0.1841515430608073,added_length,length_birth
1.0,9.0,0.17641416377440747,added_length,length_birth
1.0,10.0,0.162816316130228,added_length,length_birth
0.0,0.0,-0.1201970284490044,added_length,length_birth
0.0,1.0,0.6251930027412622,added_length,length_birth
0.0,2.0,0.2710969513834211,added_length,length_birth
0.0,3.0,0.12553122213270704,added_length,length_birth
0.0,4.0,0.03368096901434593,added_length,length_birth
0.0,5.0,0.0063617940189449424,added_length,length_birth
0.0,6.0,-0.007653571065634082,added_length,length_birth
0.0,7.0,-0.024271647808800454,added_length,length_birth
0.0,8.0,-0.015464533255239778,added_length,length_birth
0.0,9.0,-0.023880603487127013,added_length,length_birth
0.0,10.0,-0.04007476385172885,added_length,length_birth
1.0,0.0,0.7950541737975862,added_length,length_final
1.0,1.0,0.4837380780540044,added_length,length_final
1.0,2.0,0.34615524003968995,added_length,length_final
1.0,3.0,0.2729153216967526,added_length,length_final
1.0,4.0,0.24209570428108582,added_length,length_final
1.0,5.0,0.2349536868828253,added_length,length_final
1.0,6.0,0.22170383026448137,added_length,length_final
1.0,7.0,0.2291650954047214,added_length,length_final
1.0,8.0,0.21627569171240113,added_length,length_final
1.0,9.0,0.21590937349868206,added_length,length_final
1.0,10.0,0.21430376933536008,added_length,length_final
0.0,0.0,0.7614978930250001,added_length,length_final
0.0,1.0,0.31654224342609283,added_length,length_final
0.0,2.0,0.13160088232631198,added_length,length_final
0.0,3.0,0.03164441735373392,added_length,length_final
0.0,4.0,-0.01153681560381013,added_length,length_final
0.0,5.0,-0.021447057461903226,added_length,length_final
0.0,6.0,-0.03731572254471012,added_length,length_final
0.0,7.0,-0.026765580123516444,added_length,length_final
0.0,8.0,-0.044575113013188485,added_length,length_final
0.0,9.0,-0.04158606552682202,added_length,length_final
0.0,10.0,-0.04366271578985083,added_length,length_final
1.0,0.0,0.030545973939076078,added_length,growth_rate
1.0,1.0,-0.02026236525631302,added_length,growth_rate
1.0,2.0,-0.07664507969212986,added_length,growth_rate
1.0,3.0,-0.11414623604020614,added_length,growth_rate
1.0,4.0,-0.11882488331038986,added_length,growth_rate
1.0,5.0,-0.11287578357441519,added_length,growth_rate
1.0,6.0,-0.11655505227932916,added_length,growth_rate
1.0,7.0,-0.12056669339217949,added_length,growth_rate
1.0,8.0,-0.10307098148131458,added_length,growth_rate
1.0,9.0,-0.09713591698345111,added_length,growth_rate
1.0,10.0,-0.0893837036886683,added_length,growth_rate
0.0,0.0,0.16735106017227994,added_length,growth_rate
0.0,1.0,0.09489965477796962,added_length,growth_rate
0.0,2.0,0.020168126812871646,added_length,growth_rate
0.0,3.0,-0.028977073477206836,added_length,growth_rate
0.0,4.0,-0.03242222592733823,added_length,growth_rate
0.0,5.0,-0.02528397966694911,added_length,growth_rate
0.0,6.0,-0.03368594053034501,added_length,growth_rate
0.0,7.0,-0.03328687884910706,added_length,growth_rate
0.0,8.0,-0.011247416630047935,added_length,growth_rate
0.0,9.0,-0.007768213000193624,added_length,growth_rate
0.0,10.0,0.0013908875910028566,added_length,growth_rate
1.0,0.0,0.550345657650835,generationtime,div_and_fold
1.0,1.0,-0.15660706287293896,generationtime,div_and_fold
1.0,2.0,-0.06230986139875869,generationtime,div_and_fold
1.0,3.0,-0.053118312130111464,generationtime,div_and_fold
1.0,4.0,-0.04672657040802804,generationtime,div_and_fold
1.0,5.0,-0.018086141193821608,generationtime,div_and_fold
1.0,6.0,-0.02778053397370761,generationtime,div_and_fold
1.0,7.0,-0.04160409847063251,generationtime,div_and_fold
1.0,8.0,-0.026398032146869612,generationtime,div_and_fold
1.0,9.0,-0.014290590390674115,generationtime,div_and_fold
1.0,10.0,-0.01567183454311571,generationtime,div_and_fold
0.0,0.0,0.6660095057824356,generationtime,div_and_fold
0.0,1.0,-0.15833813951353326,generationtime,div_and_fold
0.0,2.0,-0.04304607046549056,generationtime,div_and_fold
0.0,3.0,-0.032854168619393935,generationtime,div_and_fold
0.0,4.0,-0.0251549876007202,generationtime,div_and_fold
0.0,5.0,0.006393952945032987,generationtime,div_and_fold
0.0,6.0,-0.004713745830303931,generationtime,div_and_fold
0.0,7.0,-0.020758992323211663,generationtime,div_and_fold
0.0,8.0,-0.008416629270913752,generationtime,div_and_fold
0.0,9.0,0.00635135986378327,generationtime,div_and_fold
0.0,10.0,0.0022369796792598698,generationtime,div_and_fold
1.0,0.0,0.7023416622968439,generationtime,fold_growth
1.0,1.0,-0.06744298407984411,generationtime,fold_growth
1.0,2.0,-0.004265718349440854,generationtime,fold_growth
1.0,3.0,0.008801579346859118,generationtime,fold_growth
1.0,4.0,0.02307457984055493,generationtime,fold_growth
1.0,5.0,0.04392627724434817,generationtime,fold_growth
1.0,6.0,0.03423308724661767,generationtime,fold_growth
1.0,7.0,0.020724775351198824,generationtime,fold_growth
1.0,8.0,0.039402019074400586,generationtime,fold_growth
1.0,9.0,0.041957226438772977,generationtime,fold_growth
1.0,10.0,0.06058273768167465,generationtime,fold_growth
0.0,0.0,0.7808910352399457,generationtime,fold_growth
0.0,1.0,-0.1273967341071815,generationtime,fold_growth
0.0,2.0,-0.05370559518963208,generationtime,fold_growth
0.0,3.0,-0.03909058651933935,generationtime,fold_growth
0.0,4.0,-0.02117431027745014,generationtime,fold_growth
0.0,5.0,0.004334653621983609,generationtime,fold_growth
0.0,6.0,-0.007297719435123811,generationtime,fold_growth
0.0,7.0,-0.024548283475131917,generationtime,fold_growth
0.0,8.0,-0.008737317352793943,generationtime,fold_growth
0.0,9.0,-0.006850619623103923,generationtime,fold_growth
0.0,10.0,0.01519673337645379,generationtime,fold_growth
1.0,0.0,-0.22709818198796197,generationtime,division_ratio
1.0,1.0,-0.10041965154140552,generationtime,division_ratio
1.0,2.0,-0.09094059494849711,generationtime,division_ratio
1.0,3.0,-0.08476773169614127,generationtime,division_ratio
1.0,4.0,-0.10331011004047413,generationtime,division_ratio
1.0,5.0,-0.08904472517795735,generationtime,division_ratio
1.0,6.0,-0.0939473276483652,generationtime,division_ratio
1.0,7.0,-0.09540901372046233,generationtime,division_ratio
1.0,8.0,-0.10195701290076503,generationtime,division_ratio
1.0,9.0,-0.09454241840250142,generationtime,division_ratio
1.0,10.0,-0.12628620641187516,generationtime,division_ratio
0.0,0.0,-0.16131587961871244,generationtime,division_ratio
0.0,1.0,-0.0010965585713754425,generationtime,division_ratio
0.0,2.0,0.008310842207318064,generationtime,division_ratio
0.0,3.0,0.017673375832583743,generationtime,division_ratio
0.0,4.0,-0.006593912821521182,generationtime,division_ratio
0.0,5.0,0.007804857596108419,generationtime,division_ratio
0.0,6.0,0.0034308119361523204,generationtime,division_ratio
0.0,7.0,0.007350375414854554,generationtime,division_ratio
0.0,8.0,-0.0023659132656317057,generationtime,division_ratio
0.0,9.0,0.0049091590259893,generationtime,division_ratio
0.0,10.0,-0.03450033858881197,generationtime,division_ratio
1.0,0.0,0.6307593719897508,generationtime,added_length
1.0,1.0,0.08741624970290177,generationtime,added_length
1.0,2.0,0.1002443046643239,generationtime,added_length
1.0,3.0,0.09597709184339497,generationtime,added_length
1.0,4.0,0.09827739702022867,generationtime,added_length
1.0,5.0,0.1104938802973326,generationtime,added_length
1.0,6.0,0.10794532011155525,generationtime,added_length
1.0,7.0,0.09316464331492552,generationtime,added_length
1.0,8.0,0.10466958596966694,generationtime,added_length
1.0,9.0,0.10013830680991925,generationtime,added_length
1.0,10.0,0.11283829938464007,generationtime,added_length
0.0,0.0,0.6838347730869752,generationtime,added_length
0.0,1.0,-0.01486703324439665,generationtime,added_length
0.0,2.0,0.002403701238588401,generationtime,added_length
0.0,3.0,-0.005787001376675838,generationtime,added_length
0.0,4.0,-0.0002634832601672933,generationtime,added_length
0.0,5.0,0.015847570479477043,generationtime,added_length
0.0,6.0,0.013296857961451665,generationtime,added_length
0.0,7.0,-0.005102561774255024,generationtime,added_length
0.0,8.0,0.001839524135017968,generationtime,added_length
0.0,9.0,-0.0037387489626033547,generationtime,added_length
0.0,10.0,0.007448260292092938,generationtime,added_length
1.0,0.0,1.0,generationtime,generationtime
1.0,1.0,0.17763736491916488,generationtime,generationtime
1.0,2.0,0.2111762450022721,generationtime,generationtime
1.0,3.0,0.232284895033613,generationtime,generationtime
1.0,4.0,0.23392339014593172,generationtime,generationtime
1.0,5.0,0.24135588181817244,generationtime,generationtime
1.0,6.0,0.23148641335558048,generationtime,generationtime
1.0,7.0,0.22442943066841095,generationtime,generationtime
1.0,8.0,0.22177079158002508,generationtime,generationtime
1.0,9.0,0.21435112385175362,generationtime,generationtime
1.0,10.0,0.23039977792135138,generationtime,generationtime
0.0,0.0,1.0,generationtime,generationtime
0.0,1.0,-0.0977158755915054,generationtime,generationtime
0.0,2.0,-0.050671695739985013,generationtime,generationtime
0.0,3.0,-0.022907950995406157,generationtime,generationtime
0.0,4.0,-0.018047747404558685,generationtime,generationtime
0.0,5.0,-0.007033110786419111,generationtime,generationtime
0.0,6.0,-0.017047942425405017,generationtime,generationtime
0.0,7.0,-0.027184627312397857,generationtime,generationtime
0.0,8.0,-0.0331588176061132,generationtime,generationtime
0.0,9.0,-0.04154546888093818,generationtime,generationtime
0.0,10.0,-0.016805123256836797,generationtime,generationtime
1.0,0.0,-0.3092428015777791,generationtime,length_birth
1.0,1.0,0.23111559820425653,generationtime,length_birth
1.0,2.0,0.13225874084979924,generationtime,length_birth
1.0,3.0,0.08996400565209801,generationtime,length_birth
1.0,4.0,0.05950046198186776,generationtime,length_birth
1.0,5.0,0.059186856659072196,generationtime,length_birth
1.0,6.0,0.06430880002429457,generationtime,length_birth
1.0,7.0,0.06029034314878486,generationtime,length_birth
1.0,8.0,0.0513576717273186,generationtime,length_birth
1.0,9.0,0.052752327997347276,generationtime,length_birth
1.0,10.0,0.03982941985144918,generationtime,length_birth
0.0,0.0,-0.47682184633849534,generationtime,length_birth
0.0,1.0,0.27125324674316187,generationtime,length_birth
0.0,2.0,0.1304418446813839,generationtime,length_birth
0.0,3.0,0.07190197906406615,generationtime,length_birth
0.0,4.0,0.03190899406851773,generationtime,length_birth
0.0,5.0,0.031811519753243714,generationtime,length_birth
0.0,6.0,0.04219190038303848,generationtime,length_birth
0.0,7.0,0.035235879528344845,generationtime,length_birth
0.0,8.0,0.02136866058377085,generationtime,length_birth
0.0,9.0,0.02757484937429718,generationtime,length_birth
0.0,10.0,0.0027890332243717675,generationtime,length_birth
1.0,0.0,0.28502236745815734,generationtime,length_final
1.0,1.0,0.17482127016566568,generationtime,length_final
1.0,2.0,0.13295406011091726,generationtime,length_final
1.0,3.0,0.12017648503381011,generationtime,length_final
1.0,4.0,0.10864021667457405,generationtime,length_final
1.0,5.0,0.11615987456019074,generationtime,length_final
1.0,6.0,0.11330031534936683,generationtime,length_final
1.0,7.0,0.10940321687710769,generationtime,length_final
1.0,8.0,0.10192883205720285,generationtime,length_final
1.0,9.0,0.10716259013291847,generationtime,length_final
1.0,10.0,0.10997715216188195,generationtime,length_final
0.0,0.0,0.2821597437911417,generationtime,length_final
0.0,1.0,0.11629524561292102,generationtime,length_final
0.0,2.0,0.05469570107287415,generationtime,length_final
0.0,3.0,0.0334471279664921,generationtime,length_final
0.0,4.0,0.019061080710905814,generationtime,length_final
0.0,5.0,0.03079378847394034,generationtime,length_final
0.0,6.0,0.02867484678894192,generationtime,length_final
0.0,7.0,0.02208028986662343,generationtime,length_final
0.0,8.0,0.0034976784152287227,generationtime,length_final
0.0,9.0,0.01882562022716455,generationtime,length_final
0.0,10.0,0.011416541535393402,generationtime,length_final
1.0,0.0,-0.525104608653942,generationtime,growth_rate
1.0,1.0,-0.3155882289515438,generationtime,growth_rate
1.0,2.0,-0.2843296038778616,generationtime,growth_rate
1.0,3.0,-0.2982083778303055,generationtime,growth_rate
1.0,4.0,-0.29213791946239787,generationtime,growth_rate
1.0,5.0,-0.2775805069374972,generationtime,growth_rate
1.0,6.0,-0.2682319025112428,generationtime,growth_rate
1.0,7.0,-0.27699528679940316,generationtime,growth_rate
1.0,8.0,-0.2609107389375125,generationtime,growth_rate
1.0,9.0,-0.23678111204882316,generationtime,growth_rate
1.0,10.0,-0.23666408379180812,generationtime,growth_rate
0.0,0.0,-0.3485736667760877,generationtime,growth_rate
0.0,1.0,-0.039828594358924406,generationtime,growth_rate
0.0,2.0,0.005163849575417115,generationtime,growth_rate
0.0,3.0,-0.01718790215266806,generationtime,growth_rate
0.0,4.0,-0.010429433431544528,generationtime,growth_rate
0.0,5.0,0.007287546821459619,generationtime,growth_rate
0.0,6.0,0.015310355876291658,generationtime,growth_rate
0.0,7.0,0.0024769745045157923,generationtime,growth_rate
0.0,8.0,0.0223410151142878,generationtime,growth_rate
0.0,9.0,0.05250693946640813,generationtime,growth_rate
0.0,10.0,0.04687018396851567,generationtime,growth_rate
1.0,0.0,-0.26930502031634995,length_birth,div_and_fold
1.0,1.0,-0.18547996874936093,length_birth,div_and_fold
1.0,2.0,-0.11542344754240842,length_birth,div_and_fold
1.0,3.0,-0.047815584564273046,length_birth,div_and_fold
1.0,4.0,-0.03348614201234964,length_birth,div_and_fold
1.0,5.0,-0.03131728142571635,length_birth,div_and_fold
1.0,6.0,-0.013035964507345064,length_birth,div_and_fold
1.0,7.0,-0.01641425291343173,length_birth,div_and_fold
1.0,8.0,-0.022174730169427108,length_birth,div_and_fold
1.0,9.0,-0.023247900990923873,length_birth,div_and_fold
1.0,10.0,-0.011223736201928715,length_birth,div_and_fold
0.0,0.0,-0.3253970618717113,length_birth,div_and_fold
0.0,1.0,-0.22407244405643975,length_birth,div_and_fold
0.0,2.0,-0.12267923606295986,length_birth,div_and_fold
0.0,3.0,-0.041518775390713476,length_birth,div_and_fold
0.0,4.0,-0.024210318872560147,length_birth,div_and_fold
0.0,5.0,-0.022678342144885327,length_birth,div_and_fold
0.0,6.0,0.0007886883490854693,length_birth,div_and_fold
0.0,7.0,-0.0010590948404160187,length_birth,div_and_fold
0.0,8.0,-0.0032836573097013814,length_birth,div_and_fold
0.0,9.0,-0.005118462103409265,length_birth,div_and_fold
0.0,10.0,0.0023644258985198747,length_birth,div_and_fold
1.0,0.0,-0.45362072833247824,length_birth,fold_growth
1.0,1.0,-0.21189335044902002,length_birth,fold_growth
1.0,2.0,-0.123752331669323,length_birth,fold_growth
1.0,3.0,-0.06770244702644965,length_birth,fold_growth
1.0,4.0,-0.030753390508286547,length_birth,fold_growth
1.0,5.0,-0.02603050144481021,length_birth,fold_growth
1.0,6.0,-0.004304062894671995,length_birth,fold_growth
1.0,7.0,-0.0004798702292740972,length_birth,fold_growth
1.0,8.0,-0.004140732753406313,length_birth,fold_growth
1.0,9.0,-0.0008092290618036738,length_birth,fold_growth
1.0,10.0,-0.008135744577996857,length_birth,fold_growth
0.0,0.0,-0.5395960966426046,length_birth,fold_growth
0.0,1.0,-0.24061609950257506,length_birth,fold_growth
0.0,2.0,-0.13464811828479867,length_birth,fold_growth
0.0,3.0,-0.05725876957735445,length_birth,fold_growth
0.0,4.0,-0.014249281328452781,length_birth,fold_growth
0.0,5.0,-0.010669112569393792,length_birth,fold_growth
0.0,6.0,0.014387563185550165,length_birth,fold_growth
0.0,7.0,0.0202150990014355,length_birth,fold_growth
0.0,8.0,0.016294406353108946,length_birth,fold_growth
0.0,9.0,0.021208821881669466,length_birth,fold_growth
0.0,10.0,0.011626157091364954,length_birth,fold_growth
1.0,0.0,0.32561465706788123,length_birth,division_ratio
1.0,1.0,0.05593984689128124,length_birth,division_ratio
1.0,2.0,0.04306619212635193,length_birth,division_ratio
1.0,3.0,0.03212143159970924,length_birth,division_ratio
1.0,4.0,0.013756182271067985,length_birth,division_ratio
1.0,5.0,0.007005398322181628,length_birth,division_ratio
1.0,6.0,-0.005921865226685298,length_birth,division_ratio
1.0,7.0,-0.017497336219039726,length_birth,division_ratio
1.0,8.0,-0.016291244195998488,length_birth,division_ratio
1.0,9.0,-0.020320112891548683,length_birth,division_ratio
1.0,10.0,-0.005850081373832081,length_birth,division_ratio
0.0,0.0,0.3941620614825796,length_birth,division_ratio
0.0,1.0,0.046468473969918184,length_birth,division_ratio
0.0,2.0,0.0322235770839619,length_birth,division_ratio
0.0,3.0,0.020485779141910285,length_birth,division_ratio
0.0,4.0,-0.002662446030190997,length_birth,division_ratio
0.0,5.0,-0.008905272020820993,length_birth,division_ratio
0.0,6.0,-0.023276719327954,length_birth,division_ratio
0.0,7.0,-0.035512713712735525,length_birth,division_ratio
0.0,8.0,-0.04104514528203815,length_birth,division_ratio
0.0,9.0,-0.040571864820243185,length_birth,division_ratio
0.0,10.0,-0.02423345150677319,length_birth,division_ratio
1.0,0.0,0.10071115982202711,length_birth,added_length
1.0,1.0,0.1544435969242804,length_birth,added_length
1.0,2.0,0.1530508603055336,length_birth,added_length
1.0,3.0,0.15720452539055885,length_birth,added_length
1.0,4.0,0.16939252536828495,length_birth,added_length
1.0,5.0,0.15558464801416252,length_birth,added_length
1.0,6.0,0.16560371220660852,length_birth,added_length
1.0,7.0,0.16418807685828204,length_birth,added_length
1.0,8.0,0.15817724258103535,length_birth,added_length
1.0,9.0,0.1567998558519375,length_birth,added_length
1.0,10.0,0.158055818665232,length_birth,added_length
0.0,0.0,-0.1201970284490044,length_birth,added_length
0.0,1.0,-0.0495251038856548,length_birth,added_length
0.0,2.0,-0.05219748357542319,length_birth,added_length
0.0,3.0,-0.04202221618100799,length_birth,added_length
0.0,4.0,-0.02444207907594404,length_birth,added_length
0.0,5.0,-0.04099759956523508,length_birth,added_length
0.0,6.0,-0.029168638176292068,length_birth,added_length
0.0,7.0,-0.03015745626200828,length_birth,added_length
0.0,8.0,-0.04002007527252106,length_birth,added_length
0.0,9.0,-0.03872316423888569,length_birth,added_length
0.0,10.0,-0.0389892203021489,length_birth,added_length
1.0,0.0,-0.3092428015777791,length_birth,generationtime
1.0,1.0,-0.08194362363171125,length_birth,generationtime
1.0,2.0,-0.002145918589490594,length_birth,generationtime
1.0,3.0,0.028854816556486026,length_birth,generationtime
1.0,4.0,0.043661874656387004,length_birth,generationtime
1.0,5.0,0.03974788011384379,length_birth,generationtime
1.0,6.0,0.044881674458343436,length_birth,generationtime
1.0,7.0,0.039541622171377584,length_birth,generationtime
1.0,8.0,0.038672990677267705,length_birth,generationtime
1.0,9.0,0.04304201805225321,length_birth,generationtime
1.0,10.0,0.04278485549390481,length_birth,generationtime
0.0,0.0,-0.47682184633849534,length_birth,generationtime
0.0,1.0,-0.16167905029536223,length_birth,generationtime
0.0,2.0,-0.059321659745913524,length_birth,generationtime
0.0,3.0,-0.00808874365885681,length_birth,generationtime
0.0,4.0,0.010084732463742148,length_birth,generationtime
0.0,5.0,0.0029838958329483183,length_birth,generationtime
0.0,6.0,0.007495222264778113,length_birth,generationtime
0.0,7.0,0.0007655812896030919,length_birth,generationtime
0.0,8.0,-0.001201172800358143,length_birth,generationtime
0.0,9.0,0.0075099390201222496,length_birth,generationtime
0.0,10.0,0.0008343584094824425,length_birth,generationtime
1.0,0.0,1.0,length_birth,length_birth
1.0,1.0,0.5944926975354419,length_birth,length_birth
1.0,2.0,0.431728527469175,length_birth,length_birth
1.0,3.0,0.3427675344842394,length_birth,length_birth
1.0,4.0,0.3078680462042725,length_birth,length_birth
1.0,5.0,0.280283610215589,length_birth,length_birth
1.0,6.0,0.258300895717719,length_birth,length_birth
1.0,7.0,0.25002339229510895,length_birth,length_birth
1.0,8.0,0.24432967937349734,length_birth,length_birth
1.0,9.0,0.2310311190041916,length_birth,length_birth
1.0,10.0,0.23498484406716907,length_birth,length_birth
0.0,0.0,1.0,length_birth,length_birth
0.0,1.0,0.4020760166228785,length_birth,length_birth
0.0,2.0,0.1649451164538118,length_birth,length_birth
0.0,3.0,0.03524851617705993,length_birth,length_birth
0.0,4.0,-0.014618016431478198,length_birth,length_birth
0.0,5.0,-0.051070506234618604,length_birth,length_birth
0.0,6.0,-0.08004724099675556,length_birth,length_birth
0.0,7.0,-0.0885438634907073,length_birth,length_birth
0.0,8.0,-0.09004519941553396,length_birth,length_birth
0.0,9.0,-0.10627592800564387,length_birth,length_birth
0.0,10.0,-0.09843145587001771,length_birth,length_birth
1.0,0.0,0.6117450321032798,length_birth,length_final
1.0,1.0,0.4315466572294027,length_birth,length_final
1.0,2.0,0.3394265843271739,length_birth,length_final
1.0,3.0,0.30885504186520557,length_birth,length_final
1.0,4.0,0.2965539399551672,length_birth,length_final
1.0,5.0,0.27285714080950985,length_birth,length_final
1.0,6.0,0.27490233809704345,length_birth,length_final
1.0,7.0,0.26340956562117834,length_birth,length_final
1.0,8.0,0.26016106785478477,length_birth,length_final
1.0,9.0,0.24873297591583293,length_birth,length_final
1.0,10.0,0.2504929266591019,length_birth,length_final
0.0,0.0,0.4387291642217747,length_birth,length_final
0.0,1.0,0.16279923106787225,length_birth,length_final
0.0,2.0,0.023371167331052232,length_birth,length_final
0.0,3.0,-0.0244536816423966,length_birth,length_final
0.0,4.0,-0.04101678954348293,length_birth,length_final
0.0,5.0,-0.07363868954172646,length_birth,length_final
0.0,6.0,-0.07232300965395631,length_birth,length_final
0.0,7.0,-0.08520171554989359,length_birth,length_final
0.0,8.0,-0.07892398071204662,length_birth,length_final
0.0,9.0,-0.09148221025391663,length_birth,length_final
0.0,10.0,-0.09112449508759808,length_birth,length_final
1.0,0.0,-0.10080195225271645,length_birth,growth_rate
1.0,1.0,-0.14796448441920146,length_birth,growth_rate
1.0,2.0,-0.15131216799200226,length_birth,growth_rate
1.0,3.0,-0.12574490436060407,length_birth,growth_rate
1.0,4.0,-0.09809624851083958,length_birth,growth_rate
1.0,5.0,-0.08724063649313586,length_birth,growth_rate
1.0,6.0,-0.06718001802439018,length_birth,growth_rate
1.0,7.0,-0.05355216463489948,length_birth,growth_rate
1.0,8.0,-0.056825112354888546,length_birth,growth_rate
1.0,9.0,-0.06253155518521168,length_birth,growth_rate
1.0,10.0,-0.07134440210637252,length_birth,growth_rate
0.0,0.0,-0.04834367379776634,length_birth,growth_rate
0.0,1.0,-0.11384693604071072,length_birth,growth_rate
0.0,2.0,-0.11397730579085276,length_birth,growth_rate
0.0,3.0,-0.07440041917258657,length_birth,growth_rate
0.0,4.0,-0.030434241361028732,length_birth,growth_rate
0.0,5.0,-0.016695402220498333,length_birth,growth_rate
0.0,6.0,0.016170045953831376,length_birth,growth_rate
0.0,7.0,0.037975859060884125,length_birth,growth_rate
0.0,8.0,0.03442351179445126,length_birth,growth_rate
0.0,9.0,0.024391710082567193,length_birth,growth_rate
0.0,10.0,0.01628989088085434,length_birth,growth_rate
1.0,0.0,0.38651210117795276,length_final,div_and_fold
1.0,1.0,-0.3896356762966239,length_final,div_and_fold
1.0,2.0,-0.19533260975296485,length_final,div_and_fold
1.0,3.0,-0.10053973082431222,length_final,div_and_fold
1.0,4.0,-0.0537782073101092,length_final,div_and_fold
1.0,5.0,-0.026133854669837413,length_final,div_and_fold
1.0,6.0,-0.03189501122760931,length_final,div_and_fold
1.0,7.0,-0.022700367477988398,length_final,div_and_fold
1.0,8.0,-0.026432520556327103,length_final,div_and_fold
1.0,9.0,-0.021366841549617686,length_final,div_and_fold
1.0,10.0,-0.009955263085393512,length_final,div_and_fold
0.0,0.0,0.4877001042731175,length_final,div_and_fold
0.0,1.0,-0.4904679382281592,length_final,div_and_fold
0.0,2.0,-0.22570825431029348,length_final,div_and_fold
0.0,3.0,-0.11061508418193224,length_final,div_and_fold
0.0,4.0,-0.04998395345372529,length_final,div_and_fold
0.0,5.0,-0.01927276004602414,length_final,div_and_fold
0.0,6.0,-0.023018105919087244,length_final,div_and_fold
0.0,7.0,-0.013458606592608852,length_final,div_and_fold
0.0,8.0,-0.012270771992659517,length_final,div_and_fold
0.0,9.0,-0.002084210059353931,length_final,div_and_fold
0.0,10.0,0.004098683859480424,length_final,div_and_fold
1.0,0.0,0.3148159792003805,length_final,fold_growth
1.0,1.0,-0.3230206866840154,length_final,fold_growth
1.0,2.0,-0.15715160881867382,length_final,fold_growth
1.0,3.0,-0.07817822962909948,length_final,fold_growth
1.0,4.0,-0.03266600446126088,length_final,fold_growth
1.0,5.0,-0.007805223817009273,length_final,fold_growth
1.0,6.0,0.000793131700720849,length_final,fold_growth
1.0,7.0,0.015417275833089045,length_final,fold_growth
1.0,8.0,0.015049376316039807,length_final,fold_growth
1.0,9.0,0.016597917399141147,length_final,fold_growth
1.0,10.0,0.019926972859461732,length_final,fold_growth
0.0,0.0,0.3791890796664503,length_final,fold_growth
0.0,1.0,-0.4318677272294079,length_final,fold_growth
0.0,2.0,-0.22209554743733706,length_final,fold_growth
0.0,3.0,-0.11298684874120869,length_final,fold_growth
0.0,4.0,-0.05680552416251175,length_final,fold_growth
0.0,5.0,-0.02721518497327064,length_final,fold_growth
0.0,6.0,-0.016693148861457625,length_final,fold_growth
0.0,7.0,-0.00044780865807576755,length_final,fold_growth
0.0,8.0,-0.0007945943416728454,length_final,fold_growth
0.0,9.0,0.0018865291587124788,length_final,fold_growth
0.0,10.0,0.005173515618291088,length_final,fold_growth
1.0,0.0,0.0566771129358443,length_final,division_ratio
1.0,1.0,-0.07564818627893168,length_final,division_ratio
1.0,2.0,-0.037876425398886054,length_final,division_ratio
1.0,3.0,-0.023887431945852505,length_final,division_ratio
1.0,4.0,-0.03442395333606156,length_final,division_ratio
1.0,5.0,-0.0303522898087163,length_final,division_ratio
1.0,6.0,-0.03917864261724282,length_final,division_ratio
1.0,7.0,-0.04848320053304631,length_final,division_ratio
1.0,8.0,-0.049095784057642616,length_final,division_ratio
1.0,9.0,-0.04866748319390411,length_final,division_ratio
1.0,10.0,-0.05531652242131493,length_final,division_ratio
0.0,0.0,0.12084613902436858,length_final,division_ratio
0.0,1.0,-0.054200560304739236,length_final,division_ratio
0.0,2.0,-0.0012705727800751613,length_final,division_ratio
0.0,3.0,0.02256779763013099,length_final,division_ratio
0.0,4.0,0.007161308335978849,length_final,division_ratio
0.0,5.0,0.016028337398882764,length_final,division_ratio
0.0,6.0,0.006032213217332023,length_final,division_ratio
0.0,7.0,-0.004070065487661702,length_final,division_ratio
0.0,8.0,-0.009049244683148118,length_final,division_ratio
0.0,9.0,-0.005129096380370607,length_final,division_ratio
0.0,10.0,-0.01772038539920321,length_final,division_ratio
1.0,0.0,0.7950541737975862,length_final,added_length
1.0,1.0,0.19139197028761767,length_final,added_length
1.0,2.0,0.20737280782029135,length_final,added_length
1.0,3.0,0.19790790655089252,length_final,added_length
1.0,4.0,0.20783734189853123,length_final,added_length
1.0,5.0,0.20573336776477152,length_final,added_length
1.0,6.0,0.20713970650555236,length_final,added_length
1.0,7.0,0.21224734583788413,length_final,added_length
1.0,8.0,0.2028181391129861,length_final,added_length
1.0,9.0,0.20332460252671428,length_final,added_length
1.0,10.0,0.20552988007272832,length_final,added_length
0.0,0.0,0.7614978930250001,length_final,added_length
0.0,1.0,-0.07498174736819707,length_final,added_length
0.0,2.0,-0.05457673477999517,length_final,added_length
0.0,3.0,-0.0633730418678476,length_final,added_length
0.0,4.0,-0.04815873825741721,length_final,added_length
0.0,5.0,-0.04938646593783942,length_final,added_length
0.0,6.0,-0.046547011814533794,length_final,added_length
0.0,7.0,-0.039771514014804686,length_final,added_length
0.0,8.0,-0.053561444835314546,length_final,added_length
0.0,9.0,-0.048140305888555474,length_final,added_length
0.0,10.0,-0.0459899063742635,length_final,added_length
1.0,0.0,0.28502236745815734,length_final,generationtime
1.0,1.0,-0.20619029561261032,length_final,generationtime
1.0,2.0,-0.03334077447412694,length_final,generationtime
1.0,3.0,0.04821473074710041,length_final,generationtime
1.0,4.0,0.0773675643978764,length_final,generationtime
1.0,5.0,0.08615326647105859,length_final,generationtime
1.0,6.0,0.09732756849582405,length_final,generationtime
1.0,7.0,0.09590993953379946,length_final,generationtime
1.0,8.0,0.08653173037624048,length_final,generationtime
1.0,9.0,0.0962256906302494,length_final,generationtime
1.0,10.0,0.09956936875024389,length_final,generationtime
0.0,0.0,0.2821597437911417,length_final,generationtime
0.0,1.0,-0.4314593122213094,length_final,generationtime
0.0,2.0,-0.1838531755773379,length_final,generationtime
0.0,3.0,-0.057598830611946594,length_final,generationtime
0.0,4.0,-0.02034555969677812,length_final,generationtime
0.0,5.0,-0.008792227921825376,length_final,generationtime
0.0,6.0,0.007459155832467395,length_final,generationtime
0.0,7.0,0.0010583069806632713,length_final,generationtime
0.0,8.0,-0.010898411816498001,length_final,generationtime
0.0,9.0,0.005666026320957777,length_final,generationtime
0.0,10.0,0.006355389316243065,length_final,generationtime
1.0,0.0,0.6117450321032798,length_final,length_birth
1.0,1.0,0.8847414364628932,length_final,length_birth
1.0,2.0,0.5636747674704692,length_final,length_birth
1.0,3.0,0.41885999301420396,length_final,length_birth
1.0,4.0,0.343904689689564,length_final,length_birth
1.0,5.0,0.3073215945893033,length_final,length_birth
1.0,6.0,0.28882305923811136,length_final,length_birth
1.0,7.0,0.2718190367971617,length_final,length_birth
1.0,8.0,0.2638781227712776,length_final,length_birth
1.0,9.0,0.26239718625363057,length_final,length_birth
1.0,10.0,0.24882120302358005,length_final,length_birth
0.0,0.0,0.4387291642217747,length_final,length_birth
0.0,1.0,0.8417972215201426,length_final,length_birth
0.0,2.0,0.3497557260712664,length_final,length_birth
0.0,3.0,0.1306162268899036,length_final,length_birth
0.0,4.0,0.020972033636458696,length_final,length_birth
0.0,5.0,-0.029546212501134234,length_final,length_birth
0.0,6.0,-0.05465017930630876,length_final,length_birth
0.0,7.0,-0.07783578191304436,length_final,length_birth
0.0,8.0,-0.0819963780470043,length_final,length_birth
0.0,9.0,-0.08230990614819025,length_final,length_birth
0.0,10.0,-0.09858186262339215,length_final,length_birth
1.0,0.0,1.0,length_final,length_final
1.0,1.0,0.6197764252832768,length_final,length_final
1.0,2.0,0.4422981752797273,length_final,length_final
1.0,3.0,0.36722653399446153,length_final,length_final
1.0,4.0,0.3301563105964764,length_final,length_final
1.0,5.0,0.3132028664882348,length_final,length_final
1.0,6.0,0.2998046220125022,length_final,length_final
1.0,7.0,0.29840158641626024,length_final,length_final
1.0,8.0,0.2845768550886113,length_final,length_final
1.0,9.0,0.289114545004696,length_final,length_final
1.0,10.0,0.28578270349375473,length_final,length_final
0.0,0.0,1.0,length_final,length_final
0.0,1.0,0.40394192888577124,length_final,length_final
0.0,2.0,0.12802055044938723,length_final,length_final
0.0,3.0,0.011662159721526007,length_final,length_final
0.0,4.0,-0.041523878918477135,length_final,length_final
0.0,5.0,-0.06557734081825795,length_final,length_final
0.0,6.0,-0.08523371445077048,length_final,length_final
0.0,7.0,-0.08454056269655287,length_final,length_final
0.0,8.0,-0.09773978034982171,length_final,length_final
0.0,9.0,-0.08524914953942046,length_final,length_final
0.0,10.0,-0.08990615832004832,length_final,length_final
1.0,0.0,-0.023192721866054873,length_final,growth_rate
1.0,1.0,-0.09027169501160665,length_final,growth_rate
1.0,2.0,-0.13864961809852994,length_final,growth_rate
1.0,3.0,-0.15554643283131794,length_final,growth_rate
1.0,4.0,-0.14240075635821112,length_final,growth_rate
1.0,5.0,-0.13310515620351526,length_final,growth_rate
1.0,6.0,-0.13609655465351417,length_final,growth_rate
1.0,7.0,-0.12009691820451432,length_final,growth_rate
1.0,8.0,-0.10413101184965451,length_final,growth_rate
1.0,9.0,-0.11275638655193633,length_final,growth_rate
1.0,10.0,-0.10693209067339896,length_final,growth_rate
0.0,0.0,0.12671411557105117,length_final,growth_rate
0.0,1.0,0.022352822751497737,length_final,growth_rate
0.0,2.0,-0.047445498054336725,length_final,growth_rate
0.0,3.0,-0.07073662430592381,length_final,growth_rate
0.0,4.0,-0.04673507442265374,length_final,growth_rate
0.0,5.0,-0.031627507051358764,length_final,growth_rate
0.0,6.0,-0.0386837463246701,length_final,growth_rate
0.0,7.0,-0.009210008083576676,length_final,growth_rate
0.0,8.0,0.012417398571509537,length_final,growth_rate
0.0,9.0,-0.003745379115230224,length_final,growth_rate
0.0,10.0,0.007842589080070787,length_final,growth_rate
1.0,0.0,0.16348610245991943,growth_rate,div_and_fold
1.0,1.0,-0.023118808176319904,growth_rate,div_and_fold
1.0,2.0,0.00687533343248206,growth_rate,div_and_fold
1.0,3.0,0.03799613288731803,growth_rate,div_and_fold
1.0,4.0,0.03929883200367901,growth_rate,div_and_fold
1.0,5.0,0.03783859284146572,growth_rate,div_and_fold
1.0,6.0,0.010936094350682218,growth_rate,div_and_fold
1.0,7.0,0.045914778375143524,growth_rate,div_and_fold
1.0,8.0,0.036660898511053405,growth_rate,div_and_fold
1.0,9.0,0.03734500741885754,growth_rate,div_and_fold
1.0,10.0,0.018777887535130818,growth_rate,div_and_fold
0.0,0.0,0.16659566231419823,growth_rate,div_and_fold
0.0,1.0,-0.07006480648816006,growth_rate,div_and_fold
0.0,2.0,-0.039985960529013875,growth_rate,div_and_fold
0.0,3.0,-0.0021646825507290234,growth_rate,div_and_fold
0.0,4.0,-0.00023296970011521423,growth_rate,div_and_fold
0.0,5.0,-0.0026336108540544706,growth_rate,div_and_fold
0.0,6.0,-0.03472230478411019,growth_rate,div_and_fold
0.0,7.0,0.005879571863552931,growth_rate,div_and_fold
0.0,8.0,0.003910245726867612,growth_rate,div_and_fold
0.0,9.0,0.005238688597176014,growth_rate,div_and_fold
0.0,10.0,-0.012719258989105673,growth_rate,div_and_fold
1.0,0.0,0.16294186550833512,growth_rate,fold_growth
1.0,1.0,-0.00030552817769079026,growth_rate,fold_growth
1.0,2.0,-0.011374735736401015,growth_rate,fold_growth
1.0,3.0,-0.007744629719328551,growth_rate,fold_growth
1.0,4.0,-0.021459398052405813,growth_rate,fold_growth
1.0,5.0,-0.022742792061244868,growth_rate,fold_growth
1.0,6.0,-0.04582024199232861,growth_rate,fold_growth
1.0,7.0,-0.01007972545889307,growth_rate,fold_growth
1.0,8.0,-0.03146697102468505,growth_rate,fold_growth
1.0,9.0,-0.03232293448069658,growth_rate,fold_growth
1.0,10.0,-0.038726399431871304,growth_rate,fold_growth
0.0,0.0,0.2218025428537661,growth_rate,fold_growth
0.0,1.0,0.011468583159207143,growth_rate,fold_growth
0.0,2.0,-0.001298691614846386,growth_rate,fold_growth
0.0,3.0,0.0059530715700562625,growth_rate,fold_growth
0.0,4.0,-0.012836870619918376,growth_rate,fold_growth
0.0,5.0,-0.016709902594958696,growth_rate,fold_growth
0.0,6.0,-0.04348703803711392,growth_rate,fold_growth
0.0,7.0,0.0002486485308186813,growth_rate,fold_growth
0.0,8.0,-0.020780527428767136,growth_rate,fold_growth
0.0,9.0,-0.01865012430857643,growth_rate,fold_growth
0.0,10.0,-0.02778142664101174,growth_rate,fold_growth
1.0,0.0,-0.06769469697310532,growth_rate,division_ratio
1.0,1.0,-0.06924450999909422,growth_rate,division_ratio
1.0,2.0,0.019567600524467703,growth_rate,division_ratio
1.0,3.0,0.06001720367977342,growth_rate,division_ratio
1.0,4.0,0.08218559025951441,growth_rate,division_ratio
1.0,5.0,0.07695545232331187,growth_rate,division_ratio
1.0,6.0,0.08707233275130652,growth_rate,division_ratio
1.0,7.0,0.08635548214323464,growth_rate,division_ratio
1.0,8.0,0.10232931358851084,growth_rate,division_ratio
1.0,9.0,0.09736164000185464,growth_rate,division_ratio
1.0,10.0,0.09437195804159754,growth_rate,division_ratio
0.0,0.0,-0.17891227604182697,growth_rate,division_ratio
0.0,1.0,-0.18477688185457952,growth_rate,division_ratio
0.0,2.0,-0.06117055966032047,growth_rate,division_ratio
0.0,3.0,-0.010845623579213313,growth_rate,division_ratio
0.0,4.0,0.019553115383550135,growth_rate,division_ratio
0.0,5.0,0.015005173284516242,growth_rate,division_ratio
0.0,6.0,0.029115945347274318,growth_rate,division_ratio
0.0,7.0,0.021625250376019218,growth_rate,division_ratio
0.0,8.0,0.05189865937916207,growth_rate,division_ratio
0.0,9.0,0.04455638545756585,growth_rate,division_ratio
0.0,10.0,0.039030643953241975,growth_rate,division_ratio
1.0,0.0,0.030545973939076078,growth_rate,added_length
1.0,1.0,-0.08522981493271001,growth_rate,added_length
1.0,2.0,-0.0932830602235597,growth_rate,added_length
1.0,3.0,-0.0995712257354524,growth_rate,added_length
1.0,4.0,-0.1027283107745437,growth_rate,added_length
1.0,5.0,-0.10302315756652107,growth_rate,added_length
1.0,6.0,-0.13109555470592413,growth_rate,added_length
1.0,7.0,-0.09594550784222518,growth_rate,added_length
1.0,8.0,-0.10560357285797264,growth_rate,added_length
1.0,9.0,-0.10347214488697716,growth_rate,added_length
1.0,10.0,-0.11126550619238336,growth_rate,added_length
0.0,0.0,0.16735106017227994,growth_rate,added_length
0.0,1.0,0.009362103711039172,growth_rate,added_length
0.0,2.0,-0.004778070168063881,growth_rate,added_length
0.0,3.0,-0.009603467997562995,growth_rate,added_length
0.0,4.0,-0.01660544320499075,growth_rate,added_length
0.0,5.0,-0.018281975710471732,growth_rate,added_length
0.0,6.0,-0.05588734449511407,growth_rate,added_length
0.0,7.0,-0.012929863688144826,growth_rate,added_length
0.0,8.0,-0.020849233856756754,growth_rate,added_length
0.0,9.0,-0.014709646283098229,growth_rate,added_length
0.0,10.0,-0.019963113764690225,growth_rate,added_length
1.0,0.0,-0.525104608653942,growth_rate,generationtime
1.0,1.0,-0.4032112905838754,growth_rate,generationtime
1.0,2.0,-0.34711208837849794,growth_rate,generationtime
1.0,3.0,-0.3172778858871685,growth_rate,generationtime
1.0,4.0,-0.30125421024298277,growth_rate,generationtime
1.0,5.0,-0.2858972676344605,growth_rate,generationtime
1.0,6.0,-0.2829164290266746,growth_rate,generationtime
1.0,7.0,-0.24898651764563579,growth_rate,generationtime
1.0,8.0,-0.25552791838856376,growth_rate,generationtime
1.0,9.0,-0.24742229276941294,growth_rate,generationtime
1.0,10.0,-0.24821735895607794,growth_rate,generationtime
0.0,0.0,-0.3485736667760877,growth_rate,generationtime
0.0,1.0,-0.1602483583413573,growth_rate,generationtime
0.0,2.0,-0.0795871682574775,growth_rate,generationtime
0.0,3.0,-0.036143149912790246,growth_rate,generationtime
0.0,4.0,-0.017816128788502507,growth_rate,generationtime
0.0,5.0,0.0009017821563529393,growth_rate,generationtime
0.0,6.0,0.0030124841012156944,growth_rate,generationtime
0.0,7.0,0.04929131703832383,growth_rate,generationtime
0.0,8.0,0.038265155542541,growth_rate,generationtime
0.0,9.0,0.04772858108728144,growth_rate,generationtime
0.0,10.0,0.04417456913058295,growth_rate,generationtime
1.0,0.0,-0.10080195225271645,growth_rate,length_birth
1.0,1.0,-0.054094286263618445,growth_rate,length_birth
1.0,2.0,-0.06270278625575415,growth_rate,length_birth
1.0,3.0,-0.07157557204518256,growth_rate,length_birth
1.0,4.0,-0.06470926822377189,growth_rate,length_birth
1.0,5.0,-0.07094208030621242,growth_rate,length_birth
1.0,6.0,-0.07229458678423459,growth_rate,length_birth
1.0,7.0,-0.08266603369538603,growth_rate,length_birth
1.0,8.0,-0.06070026814182995,growth_rate,length_birth
1.0,9.0,-0.061971388374698906,growth_rate,length_birth
1.0,10.0,-0.0651849097311071,growth_rate,length_birth
0.0,0.0,-0.04834367379776634,growth_rate,length_birth
0.0,1.0,0.02556870447983318,growth_rate,length_birth
0.0,2.0,0.009240694656260803,growth_rate,length_birth
0.0,3.0,-0.004254012941037607,growth_rate,length_birth
0.0,4.0,0.0015157522955972732,growth_rate,length_birth
0.0,5.0,-0.009817234051420156,growth_rate,length_birth
0.0,6.0,-0.015845058691907055,growth_rate,length_birth
0.0,7.0,-0.031996185525139144,growth_rate,length_birth
0.0,8.0,-0.003543479719988809,growth_rate,length_birth
0.0,9.0,-0.0017158768424398766,growth_rate,length_birth
0.0,10.0,0.0020272171412277387,growth_rate,length_birth
1.0,0.0,-0.023192721866054873,growth_rate,length_final
1.0,1.0,-0.0860426248325826,growth_rate,length_final
1.0,2.0,-0.10362868965771299,growth_rate,length_final
1.0,3.0,-0.11113694390257789,growth_rate,length_final
1.0,4.0,-0.11493859746838411,growth_rate,length_final
1.0,5.0,-0.1204302210146195,growth_rate,length_final
1.0,6.0,-0.14070013338200488,growth_rate,length_final
1.0,7.0,-0.1171964263770868,growth_rate,length_final
1.0,8.0,-0.11358953339869927,growth_rate,length_final
1.0,9.0,-0.11074841847903226,growth_rate,length_final
1.0,10.0,-0.11955431843944969,growth_rate,length_final
0.0,0.0,0.12671411557105117,growth_rate,length_final
0.0,1.0,0.03333332871573111,growth_rate,length_final
0.0,2.0,0.0031433346095495395,growth_rate,length_final
0.0,3.0,-0.006209077523927033,growth_rate,length_final
0.0,4.0,-0.014185958168927263,growth_rate,length_final
0.0,5.0,-0.025626071983790598,growth_rate,length_final
0.0,6.0,-0.05914589546747875,growth_rate,length_final
0.0,7.0,-0.028229861252066404,growth_rate,length_final
0.0,8.0,-0.021635341298432007,growth_rate,length_final
0.0,9.0,-0.01281410126863233,growth_rate,length_final
0.0,10.0,-0.014109858210035174,growth_rate,length_final
1.0,0.0,1.0,growth_rate,growth_rate
1.0,1.0,0.5468546738165144,growth_rate,growth_rate
1.0,2.0,0.4463924022695933,growth_rate,growth_rate
1.0,3.0,0.40041978701321657,growth_rate,growth_rate
1.0,4.0,0.3699438199828732,growth_rate,growth_rate
1.0,5.0,0.34463113249427213,growth_rate,growth_rate
1.0,6.0,0.3192253296405177,growth_rate,growth_rate
1.0,7.0,0.3160108300144648,growth_rate,growth_rate
1.0,8.0,0.304186303259162,growth_rate,growth_rate
1.0,9.0,0.28221787116077857,growth_rate,growth_rate
1.0,10.0,0.28389793938058056,growth_rate,growth_rate
0.0,0.0,1.0,growth_rate,growth_rate
0.0,1.0,0.2695865588684475,growth_rate,growth_rate
0.0,2.0,0.10658247803218628,growth_rate,growth_rate
0.0,3.0,0.03824109932092319,growth_rate,growth_rate
0.0,4.0,-0.003708788704729584,growth_rate,growth_rate
0.0,5.0,-0.036309587613830095,growth_rate,growth_rate
0.0,6.0,-0.07212160368640909,growth_rate,growth_rate
0.0,7.0,-0.06973238763865787,growth_rate,growth_rate
0.0,8.0,-0.08227200659257337,growth_rate,growth_rate
0.0,9.0,-0.10925394678081835,growth_rate,growth_rate
0.0,10.0,-0.10088795088655227,growth_rate,growth_rate
